vertragsnr;kundennr;beginn;typ;betrag;status
AV-00000;A-00509;25.07.2021;Typ A;3.716,36;
AV-00001;A-02483;20.07.2020;Typ C;2.923,88;aktiv
AV-00002;A-01997;26.12.2025;Typ A;680,18;aktiv
AV-00003;A-00973;17.04.2015;Typ B;4.921,58;aktiv
AV-00004;A-01170;25.09.2021;Typ B;389,08;
AV-00005;A-00761;25.05.2021;Typ C;2.387,53;aktiv
AV-00006;A-01614;23.01.2024;typ b;839,86;gekuendigt
AV-00007;A-01796;24.02.2022;Typ B;1.021,89;aktiv
AV-00008;A-00442;05.09.2026;Typ A;1.718,79;aktiv
AV-00009;A-01854;23.10.2022;Typ C;4.430,36;
AV-00010;A-02058;21.12.2020;Typ C;4.012,96;aktiv
AV-00011;A-00668;04.02.2016;Typ B;3.225,25;aktiv
AV-00012;A-02219;24.07.2026;Typ B;2.631,58;gekuendigt
AV-00013;A-01666;13.09.2021;typ a;978,79;aktiv
AV-00014;A-01251;06.03.2025;Typ C;1.017,50;aktiv
AV-00015;A-00491;10.05.2021;Typ B;4.810,69;aktiv
AV-00016;A-00861;05.02.2017;Typ C;167,13;aktiv
AV-00017;A-01043;16.08.2015;Typ C;2.785,98;aktiv
AV-00018;A-01284;07.04.2022;Typ B;2.457,20;aktiv
AV-00019;A-01710;20.10.2016;Typ A;4.428,51;aktiv
AV-00020;A-00227;27.09.2025;Typ C;387,26;aktiv
AV-00021;A-00694;02.06.2025;Typ A;307,30;aktiv
AV-00022;A-01839;11.05.2024;typ c;387,80;aktiv
AV-00023;A-01935;22.03.2017;Typ A;3.355,48;aktiv
AV-00024;A-02276;06.09.2024;Typ C;3.784,27;aktiv
AV-00025;A-02374;25.02.2015;Typ A;1.937,56;aktiv
AV-00026;A-00780;27.07.2016;Typ B;1.570,24;aktiv
AV-00027;A-01824;11.05.2026;Typ B;2.694,53;aktiv
AV-00028;A-00016;04.01.2024;Typ B;4.899,85;aktiv
AV-00029;A-02379;24.08.2016;Typ B;4.679,37;gekuendigt
AV-00030;A-01072;20.07.2019;Typ C;1.409,35;aktiv
AV-00031;A-01534;05.06.2024;Typ B;2.557,53;aktiv
AV-00032;A-01271;26.08.2022;Typ A;3.105,62;aktiv
AV-00033;A-01475;04.01.2018;Typ A;3.183,48;aktiv
AV-00034;A-02063;14.10.2018;Typ A;1.768,89;aktiv
AV-00035;A-02416;01.04.2025;Typ B;3.496,58;aktiv
AV-00036;A-02080;10.05.2016;Typ B;1.721,03;aktiv
AV-00037;A-00130;11.06.2025;Typ A;2.909,27;gekuendigt
AV-00038;A-02237;11.04.2017;Typ C;4.623,06;aktiv
AV-00039;A-01304;21.01.2022;Typ A;903,62;aktiv
AV-00040;A-00148;15.06.2023;Typ B;2.157,67;aktiv
AV-00041;A-00946;19.05.2023;Typ B;1.680,19;aktiv
AV-00042;A-02497;22.10.2018;Typ A;4.593,50;aktiv
AV-00043;A-01186;09.03.2016;Typ C;1.794,89;aktiv
AV-00044;A-02147;19.03.2023;typ b;1.058,79;aktiv
AV-00045;A-01027;28.12.2019;Typ A;303,40;aktiv
AV-00046;A-00888;12.04.2022;Typ B;4.761,02;aktiv
AV-00047;A-01811;04.03.2019;typ a;331,37;aktiv
AV-00048;A-02254;17.08.2016;Typ A;2.490,92;aktiv
AV-00049;A-00168;16.06.2018;Typ B;2.689,60;aktiv
AV-00050;A-00255;27.02.2017;typ c;2.653,31;gekuendigt
AV-00051;A-00161;02.12.2018;Typ B;3.611,34;aktiv
AV-00052;A-00446;02.05.2015;Typ B;3.032,29;aktiv
AV-00053;A-01231;04.01.2022;Typ B;3.346,07;aktiv
AV-00054;A-01869;21.05.2024;Typ C;1.706,27;aktiv
AV-00055;A-01548;11.09.2019;Typ B;3.404,95;aktiv
AV-00056;A-01524;04.05.2017;Typ A;3.171,28;aktiv
AV-00057;A-01549;12.09.2018;Typ B;1.464,60;gekuendigt
AV-00058;A-02032;08.10.2019;Typ A;1.660,18;gekuendigt
AV-00059;A-01366;02.08.2023;Typ A;2.433,07;aktiv
AV-00060;A-00478;02.07.2016;Typ A;2.050,80;aktiv
AV-00061;A-00151;27.11.2024;Typ B;2.312,31;aktiv
AV-00062;A-00086;23.04.2020;typ b;4.075,10;aktiv
AV-00063;A-00646;05.10.2022;typ a;4.041,40;aktiv
AV-00064;A-01536;10.08.2016;Typ B;3.594,55;aktiv
AV-00065;A-01850;05.04.2018;Typ C;3.142,17;gekuendigt
AV-00066;A-00418;23.03.2021;Typ C;1.752,09;gekuendigt
AV-00067;A-01853;16.08.2020;typ a;2.455,37;aktiv
AV-00068;A-01866;10.03.2022;typ b;3.081,54;aktiv
AV-00069;A-00940;27.07.2016;Typ B;668,86;aktiv
AV-00070;A-02273;18.05.2016;Typ B;3.014,10;aktiv
AV-00071;A-01705;06.09.2018;Typ C;2.011,51;aktiv
AV-00072;A-01301;14.10.2026;Typ B;2.261,47;aktiv
AV-00073;A-00671;08.12.2023;Typ A;3.397,59;aktiv
AV-00074;A-01397;27.10.2026;Typ B;3.021,99;aktiv
AV-00075;A-00561;27.02.2023;Typ A;1.643,97;aktiv
AV-00076;A-01780;22.02.2024;Typ C;3.891,02;aktiv
AV-00077;A-00565;22.11.2022;Typ A;1.205,42;aktiv
AV-00078;A-02206;26.11.2024;Typ A;861,62;aktiv
AV-00079;A-02430;13.05.2023;Typ B;2.318,72;aktiv
AV-00080;A-00182;19.05.2020;typ b;3.445,86;gekuendigt
AV-00081;A-01588;12.12.2021;Typ C;2.976,23;aktiv
AV-00082;A-01134;28.07.2023;Typ A;1.576,80;aktiv
AV-00083;A-02163;01.01.2023;Typ B;4.130,65;aktiv
AV-00084;A-00362;08.01.2019;Typ A;3.012,29;aktiv
AV-00085;A-01057;13.07.2026;Typ A;2.793,83;aktiv
AV-00086;A-00356;07.03.2022;Typ B;4.240,14;aktiv
AV-00087;A-00445;10.03.2021;Typ C;3.399,82;aktiv
AV-00088;A-00596;01.11.2016;typ a;4.441,71;aktiv
AV-00089;A-00830;05.02.2017;Typ B;2.166,90;aktiv
AV-00090;A-01650;14.10.2026;Typ B;2.353,81;aktiv
AV-00091;A-01889;12.07.2022;Typ A;2.210,14;aktiv
AV-00092;A-01788;08.12.2022;Typ B;1.455,86;gekuendigt
AV-00093;A-02072;02.06.2024;Typ C;2.905,53;aktiv
AV-00094;A-01921;16.10.2016;Typ C;538,31;aktiv
AV-00095;A-00807;15.05.2023;Typ B;2.688,28;aktiv
AV-00096;A-00767;21.08.2018;Typ B;4.807,99;aktiv
AV-00097;A-01444;26.09.2025;Typ B;3.123,24;gekuendigt
AV-00098;A-02401;16.01.2023;Typ B;4.544,37;aktiv
AV-00099;A-00132;12.07.2020;Typ C;4.021,38;aktiv
AV-00100;A-00824;20.12.2015;Typ B;3.675,81;aktiv
AV-00101;A-00935;16.11.2015;Typ B;2.928,37;aktiv
AV-00102;A-00884;20.12.2019;Typ A;2.501,09;aktiv
AV-00103;A-00373;09.05.2016;Typ A;1.512,71;gekuendigt
AV-00104;A-01070;04.12.2015;Typ B;4.564,14;aktiv
AV-00105;A-02059;12.08.2025;Typ C;1.417,08;aktiv
AV-00106;A-01305;26.03.2022;Typ B;310,49;gekuendigt
AV-00107;A-01523;27.10.2017;Typ A;2.555,35;gekuendigt
AV-00108;A-01920;22.04.2021;Typ A;3.242,24;aktiv
AV-00109;A-00036;02.06.2026;Typ B;3.814,10;aktiv
AV-00110;A-00916;13.08.2017;Typ B;2.459,89;gekuendigt
AV-00111;A-00246;13.04.2023;Typ B;2.041,84;aktiv
AV-00112;A-01879;01.07.2023;typ a;4.016,95;aktiv
AV-00113;A-02290;22.09.2020;Typ C;622,22;aktiv
AV-00114;A-00441;20.07.2020;Typ C;4.313,03;aktiv
AV-00115;A-00836;09.02.2019;typ b;2.047,10;aktiv
AV-00116;A-01528;24.04.2026;Typ B;3.886,91;aktiv
AV-00117;A-02393;06.12.2025;Typ A;201,30;aktiv
AV-00118;A-01828;14.01.2016;Typ A;653,95;aktiv
AV-00119;A-01964;10.12.2018;Typ A;315,10;aktiv
AV-00120;A-00172;22.10.2015;Typ C;1.201,60;aktiv
AV-00121;A-00053;04.12.2016;Typ A;3.082,73;aktiv
AV-00122;A-00443;26.10.2025;Typ C;4.495,61;aktiv
AV-00123;A-01810;15.05.2019;Typ B;517,21;aktiv
AV-00124;A-00751;23.07.2019;Typ C;3.883,92;aktiv
AV-00125;A-01548;09.02.2017;Typ B;2.006,58;aktiv
AV-00126;A-02422;27.05.2015;typ a;2.286,79;aktiv
AV-00127;A-00335;13.10.2018;Typ A;2.536,48;aktiv
AV-00128;A-00467;20.04.2021;typ b;4.576,15;aktiv
AV-00129;A-01734;03.01.2016;Typ A;3.678,59;aktiv
AV-00130;A-00243;05.08.2015;Typ B;154,21;aktiv
AV-00131;A-02227;05.05.2021;Typ B;4.537,40;aktiv
AV-00132;A-01077;25.12.2023;Typ B;2.264,88;gekuendigt
AV-00133;A-01985;08.09.2016;Typ A;4.777,65;gekuendigt
AV-00134;A-01540;19.02.2022;Typ B;4.959,27;
AV-00135;A-00765;02.07.2019;Typ B;4.800,30;aktiv
AV-00136;A-00320;03.06.2023;Typ C;3.838,20;aktiv
AV-00137;A-00890;18.03.2018;Typ A;2.013,19;aktiv
AV-00138;A-00765;04.07.2026;Typ B;1.892,42;aktiv
AV-00139;A-01948;24.08.2025;Typ A;323,14;aktiv
AV-00140;A-02353;16.04.2024;Typ A;3.994,78;aktiv
AV-00141;A-02286;27.09.2022;Typ C;4.837,88;aktiv
AV-00142;A-01067;11.01.2020;Typ B;357,65;aktiv
AV-00143;A-00178;17.11.2025;Typ B;3.438,68;gekuendigt
AV-00144;A-00649;19.12.2017;Typ A;499,36;aktiv
AV-00145;A-02098;01.11.2022;typ b;4.602,39;aktiv
AV-00146;A-00712;05.11.2026;Typ A;3.218,41;gekuendigt
AV-00147;A-00880;20.08.2016;Typ A;3.016,56;gekuendigt
AV-00148;A-01224;16.02.2016;Typ B;3.135,80;
AV-00149;A-00093;11.07.2018;typ c;4.913,63;aktiv
AV-00150;A-01945;22.02.2020;Typ B;816,05;gekuendigt
AV-00151;A-01012;19.01.2018;Typ A;456,63;aktiv
AV-00152;A-01081;23.03.2021;Typ A;950,28;aktiv
AV-00153;A-01610;05.01.2024;Typ A;4.259,73;aktiv
AV-00154;A-00117;16.01.2017;Typ A;185,04;gekuendigt
AV-00155;A-01449;19.11.2026;Typ C;2.168,68;gekuendigt
AV-00156;A-01412;05.12.2022;Typ A;3.253,15;aktiv
AV-00157;A-00617;06.04.2021;Typ B;332,46;aktiv
AV-00158;A-00967;03.10.2022;Typ B;3.945,53;aktiv
AV-00159;A-01793;08.09.2015;Typ A;4.935,03;gekuendigt
AV-00160;A-00035;28.06.2024;Typ B;2.767,66;aktiv
AV-00161;A-01381;07.11.2025;Typ A;1.089,54;aktiv
AV-00162;A-02177;16.08.2025;typ a;3.400,19;aktiv
AV-00163;A-00483;10.06.2025;Typ A;1.369,20;aktiv
AV-00164;A-01470;04.01.2022;Typ B;4.635,58;aktiv
AV-00165;A-01393;17.08.2015;Typ A;4.491,13;aktiv
AV-00166;A-00033;11.10.2024;Typ A;3.773,37;gekuendigt
AV-00167;A-01370;11.02.2018;Typ A;1.300,02;aktiv
AV-00168;A-01106;08.07.2018;Typ A;2.987,70;aktiv
AV-00169;A-00645;07.03.2021;Typ C;2.356,71;aktiv
AV-00170;A-00437;24.08.2017;Typ A;1.889,16;aktiv
AV-00171;A-01919;02.03.2020;typ b;439,31;aktiv
AV-00172;A-00954;14.08.2022;Typ A;1.816,34;gekuendigt
AV-00173;A-00390;26.03.2024;Typ B;4.770,89;gekuendigt
AV-00174;A-01422;28.09.2024;Typ A;2.146,73;aktiv
AV-00175;A-01577;16.10.2018;Typ C;1.503,98;aktiv
AV-00176;A-01083;08.04.2026;Typ A;2.960,42;gekuendigt
AV-00177;A-01605;19.03.2024;Typ C;2.176,19;aktiv
AV-00178;A-00349;25.12.2022;Typ B;2.214,63;aktiv
AV-00179;A-00660;15.02.2026;Typ B;552,99;aktiv
AV-00180;A-02320;14.12.2026;Typ C;793,65;aktiv
AV-00181;A-02145;01.02.2025;Typ B;1.628,46;aktiv
AV-00182;A-01813;19.12.2024;Typ A;2.355,98;aktiv
AV-00183;A-00688;06.07.2026;Typ B;1.946,54;aktiv
AV-00184;A-01238;28.01.2025;typ b;2.016,66;aktiv
AV-00185;A-02110;10.01.2023;Typ A;1.458,48;gekuendigt
AV-00186;A-00674;26.10.2023;Typ A;3.470,63;aktiv
AV-00187;A-00516;02.12.2020;Typ B;4.563,52;aktiv
AV-00188;A-01858;13.02.2015;Typ A;3.152,80;aktiv
AV-00189;A-01409;18.11.2017;Typ B;2.869,68;aktiv
AV-00190;A-02386;08.06.2017;Typ B;3.297,84;aktiv
AV-00191;A-01781;07.12.2024;Typ B;3.840,30;aktiv
AV-00192;A-01001;22.09.2019;Typ A;414,13;aktiv
AV-00193;A-01486;17.08.2022;Typ B;745,14;aktiv
AV-00194;A-01161;10.09.2025;Typ B;1.935,51;aktiv
AV-00195;A-02114;07.02.2026;Typ C;2.370,69;aktiv
AV-00196;A-01707;03.05.2017;Typ A;1.488,32;aktiv
AV-00197;A-01264;28.03.2022;typ a;4.767,71;aktiv
AV-00198;A-00320;18.11.2021;Typ C;2.448,44;aktiv
AV-00199;A-00843;01.11.2026;Typ A;455,31;gekuendigt
AV-00200;A-02268;21.09.2018;Typ A;2.956,72;aktiv
AV-00201;A-00239;19.08.2020;Typ B;2.721,31;aktiv
AV-00202;A-00070;19.05.2022;Typ A;3.978,34;aktiv
AV-00203;A-00387;16.04.2019;typ a;1.547,51;gekuendigt
AV-00204;A-00243;10.06.2017;Typ B;956,86;gekuendigt
AV-00205;A-00603;10.09.2026;Typ A;1.000,49;aktiv
AV-00206;A-02034;06.03.2025;Typ A;349,58;aktiv
AV-00207;A-00240;09.08.2017;Typ A;1.145,00;
AV-00208;A-01128;12.06.2025;Typ A;2.324,88;gekuendigt
AV-00209;A-01620;04.05.2023;Typ C;2.112,13;aktiv
AV-00210;A-02088;11.08.2017;Typ A;4.855,23;aktiv
AV-00211;A-02047;21.06.2023;Typ B;2.448,47;aktiv
AV-00212;A-02100;05.11.2024;Typ B;3.683,44;gekuendigt
AV-00213;A-01870;04.12.2020;Typ B;4.515,85;
AV-00214;A-02178;10.02.2023;Typ A;3.144,98;aktiv
AV-00215;A-01798;11.02.2020;Typ A;3.260,37;aktiv
AV-00216;A-01867;07.05.2018;Typ A;2.761,30;aktiv
AV-00217;A-01758;17.02.2025;Typ A;2.528,76;aktiv
AV-00218;A-00948;22.01.2023;Typ A;867,54;gekuendigt
AV-00219;A-01935;12.07.2020;Typ A;1.822,86;aktiv
AV-00220;A-00315;03.09.2022;Typ A;4.455,85;aktiv
AV-00221;A-00438;10.08.2021;Typ A;3.680,80;gekuendigt
AV-00222;A-02173;05.07.2026;Typ C;3.049,99;aktiv
AV-00223;A-01859;28.08.2019;Typ B;1.776,77;gekuendigt
AV-00224;A-00635;03.07.2024;Typ A;3.248,21;aktiv
AV-00225;A-00523;15.09.2017;Typ B;3.812,93;aktiv
AV-00226;A-00724;10.07.2017;Typ B;354,83;gekuendigt
AV-00227;A-01896;16.05.2024;Typ B;2.397,74;aktiv
AV-00228;A-01658;09.03.2015;Typ A;3.256,69;aktiv
AV-00229;A-00018;22.11.2016;Typ C;2.173,21;aktiv
AV-00230;A-01395;08.11.2026;typ a;3.858,88;aktiv
AV-00231;A-00749;24.10.2016;Typ A;2.480,36;aktiv
AV-00232;A-01691;22.11.2019;Typ B;3.517,09;aktiv
AV-00233;A-00288;19.12.2023;Typ A;1.408,76;aktiv
AV-00234;A-01709;15.06.2017;Typ C;807,16;aktiv
AV-00235;A-02324;14.06.2019;Typ B;4.782,51;aktiv
AV-00236;A-00961;21.09.2019;Typ C;2.642,25;aktiv
AV-00237;A-01881;20.02.2017;Typ B;2.787,00;gekuendigt
AV-00238;A-02461;09.05.2025;Typ B;3.488,48;aktiv
AV-00239;A-02185;27.06.2024;Typ A;814,20;aktiv
AV-00240;A-00162;11.07.2022;Typ C;940,69;
AV-00241;A-01063;27.04.2023;Typ A;4.500,73;aktiv
AV-00242;A-01177;23.09.2023;Typ B;3.818,09;aktiv
AV-00243;A-01488;04.02.2022;Typ C;4.628,54;aktiv
AV-00244;A-01048;12.12.2019;Typ A;2.293,40;gekuendigt
AV-00245;A-00021;06.06.2023;Typ B;289,48;gekuendigt
AV-00246;A-01080;28.03.2018;Typ B;3.487,03;
AV-00247;A-02452;03.03.2018;Typ A;3.850,66;aktiv
AV-00248;A-01098;25.08.2015;Typ A;1.102,30;aktiv
AV-00249;A-01172;19.09.2025;Typ A;726,77;aktiv
AV-00250;A-01140;22.05.2016;Typ A;618,04;
AV-00251;A-02123;19.04.2024;Typ C;1.046,19;aktiv
AV-00252;A-00379;28.03.2016;typ b;1.495,27;aktiv
AV-00253;A-00790;28.03.2020;Typ B;3.683,49;aktiv
AV-00254;A-00359;04.02.2024;typ c;3.851,73;aktiv
AV-00255;A-00537;10.04.2026;Typ A;3.806,99;aktiv
AV-00256;A-02445;07.02.2026;Typ C;4.278,79;aktiv
AV-00257;A-00902;06.10.2026;Typ A;4.795,08;aktiv
AV-00258;A-01681;14.07.2020;Typ A;1.253,64;aktiv
AV-00259;A-00181;15.02.2020;typ a;809,17;aktiv
AV-00260;A-01613;18.05.2026;Typ B;548,90;aktiv
AV-00261;A-02309;15.05.2021;Typ B;1.663,23;gekuendigt
AV-00262;A-00884;18.04.2022;Typ A;4.927,07;aktiv
AV-00263;A-02292;22.08.2016;Typ A;212,01;aktiv
AV-00264;A-01787;13.02.2025;typ a;3.343,96;aktiv
AV-00265;A-00854;13.07.2017;Typ B;4.891,22;aktiv
AV-00266;A-00321;12.02.2017;Typ C;1.792,36;aktiv
AV-00267;A-01109;08.02.2021;Typ C;3.667,22;aktiv
AV-00268;A-02040;19.10.2026;Typ A;3.979,04;aktiv
AV-00269;A-02030;16.06.2021;Typ B;4.758,17;gekuendigt
AV-00270;A-02400;05.05.2023;Typ B;673,98;aktiv
AV-00271;A-02392;21.04.2022;Typ C;294,16;
AV-00272;A-00797;22.08.2016;Typ A;1.018,61;aktiv
AV-00273;A-00328;10.03.2020;Typ B;617,22;aktiv
AV-00274;A-01603;26.08.2023;Typ B;1.573,78;aktiv
AV-00275;A-01687;18.05.2023;Typ A;4.319,41;aktiv
AV-00276;A-00511;04.07.2015;Typ A;1.675,61;aktiv
AV-00277;A-00215;02.01.2022;Typ A;3.348,14;aktiv
AV-00278;A-01342;16.03.2026;Typ A;1.665,43;aktiv
AV-00279;A-00209;22.10.2016;Typ B;2.835,85;aktiv
AV-00280;A-00939;18.08.2022;Typ C;2.607,42;aktiv
AV-00281;A-01369;13.10.2022;Typ B;1.860,90;gekuendigt
AV-00282;A-00818;01.01.2020;Typ B;771,76;aktiv
AV-00283;A-01276;01.10.2026;Typ B;3.181,99;aktiv
AV-00284;A-00819;12.06.2021;Typ A;423,78;aktiv
AV-00285;A-01121;10.11.2018;Typ B;4.565,39;aktiv
AV-00286;A-01153;11.02.2019;Typ A;2.761,32;aktiv
AV-00287;A-02267;19.07.2025;Typ B;2.192,69;aktiv
AV-00288;A-02049;01.10.2022;Typ C;1.982,03;aktiv
AV-00289;A-00510;26.02.2024;Typ B;3.500,69;aktiv
AV-00290;A-01868;26.09.2022;Typ B;1.796,77;aktiv
AV-00291;A-01534;07.07.2020;Typ B;4.259,57;aktiv
AV-00292;A-01826;10.04.2023;Typ A;1.592,00;aktiv
AV-00293;A-00453;24.10.2018;Typ C;3.630,88;aktiv
AV-00294;A-00306;09.06.2024;Typ A;4.035,75;
AV-00295;A-00476;26.06.2018;Typ A;4.145,13;aktiv
AV-00296;A-00887;22.07.2019;Typ B;1.120,37;aktiv
AV-00297;A-00696;15.09.2024;Typ B;2.805,68;gekuendigt
AV-00298;A-00300;17.12.2025;Typ C;2.947,69;aktiv
AV-00299;A-01359;09.08.2026;typ c;2.733,69;aktiv
AV-00300;A-01806;24.10.2021;typ b;2.683,01;aktiv
AV-00301;A-00102;05.04.2017;Typ B;3.862,82;gekuendigt
AV-00302;A-00593;28.06.2021;Typ C;462,47;aktiv
AV-00303;A-01445;27.05.2021;Typ A;928,83;aktiv
AV-00304;A-01629;08.07.2018;typ a;1.080,79;aktiv
AV-00305;A-00376;16.08.2019;Typ B;2.265,24;aktiv
AV-00306;A-01655;06.04.2015;Typ A;291,34;aktiv
AV-00307;A-00494;18.11.2019;Typ A;4.284,73;gekuendigt
AV-00308;A-00952;02.01.2022;Typ C;557,06;aktiv
AV-00309;A-02357;12.07.2016;Typ B;4.445,74;aktiv
AV-00310;A-00941;08.03.2026;Typ A;3.712,23;gekuendigt
AV-00311;A-00769;27.11.2023;Typ B;3.909,31;aktiv
AV-00312;A-02259;08.02.2022;Typ B;3.899,98;aktiv
AV-00313;A-01571;13.12.2024;Typ C;3.758,20;gekuendigt
AV-00314;A-02013;04.03.2018;Typ A;4.854,13;aktiv
AV-00315;A-01971;02.10.2019;Typ B;1.967,32;gekuendigt
AV-00316;A-01074;14.09.2020;Typ B;1.344,78;aktiv
AV-00317;A-02391;16.06.2017;Typ B;4.133,62;aktiv
AV-00318;A-01708;27.01.2024;Typ B;4.024,87;
AV-00319;A-00222;09.04.2025;Typ B;1.649,95;gekuendigt
AV-00320;A-01670;04.11.2020;Typ B;1.296,45;aktiv
AV-00321;A-00544;09.07.2015;Typ A;4.691,16;aktiv
AV-00322;A-01229;28.04.2019;Typ C;4.592,07;aktiv
AV-00323;A-01211;26.07.2025;Typ A;4.352,26;gekuendigt
AV-00324;A-02128;24.08.2022;Typ A;4.229,64;aktiv
AV-00325;A-01008;23.03.2016;Typ A;471,88;aktiv
AV-00326;A-01068;24.09.2026;Typ A;3.521,77;aktiv
AV-00327;A-02332;06.11.2025;Typ B;3.986,44;aktiv
AV-00328;A-01529;21.04.2021;typ a;2.942,68;aktiv
AV-00329;A-01837;23.09.2018;typ c;4.178,51;aktiv
AV-00330;A-01132;14.11.2024;Typ B;1.699,09;aktiv
AV-00331;A-02246;09.03.2026;Typ A;3.026,15;aktiv
AV-00332;A-01514;03.04.2019;Typ A;1.032,16;gekuendigt
AV-00333;A-00827;01.04.2024;Typ C;4.627,09;aktiv
AV-00334;A-00273;03.04.2025;Typ C;1.111,59;aktiv
AV-00335;A-00554;13.01.2017;Typ B;3.061,90;aktiv
AV-00336;A-01380;19.03.2020;Typ A;3.635,13;aktiv
AV-00337;A-02071;16.11.2022;Typ A;3.610,78;aktiv
AV-00338;A-01423;24.05.2019;Typ B;781,47;gekuendigt
AV-00339;A-00097;27.04.2024;Typ A;3.434,36;aktiv
AV-00340;A-00977;01.03.2021;Typ A;1.419,73;aktiv
AV-00341;A-01509;19.06.2018;Typ B;2.372,10;aktiv
AV-00342;A-02344;23.06.2017;typ a;1.179,26;aktiv
AV-00343;A-01376;20.12.2021;Typ A;612,11;aktiv
AV-00344;A-02315;16.04.2020;Typ C;4.984,19;gekuendigt
AV-00345;A-01127;24.12.2024;Typ C;176,00;aktiv
AV-00346;A-02285;13.05.2021;Typ B;791,36;gekuendigt
AV-00347;A-01574;06.10.2015;Typ A;2.593,17;gekuendigt
AV-00348;A-00606;03.03.2022;Typ A;2.722,56;aktiv
AV-00349;A-02491;02.06.2016;Typ C;2.571,17;gekuendigt
AV-00350;A-00721;12.12.2019;Typ C;1.522,19;gekuendigt
AV-00351;A-01348;17.05.2024;Typ A;4.479,46;aktiv
AV-00352;A-02264;18.03.2022;Typ C;3.338,48;aktiv
AV-00353;A-00040;05.04.2015;Typ A;1.038,24;aktiv
AV-00354;A-00946;15.12.2017;Typ A;4.976,73;gekuendigt
AV-00355;A-00642;12.08.2015;Typ C;2.870,14;aktiv
AV-00356;A-00484;28.12.2016;Typ A;1.845,58;aktiv
AV-00357;A-01672;27.03.2019;Typ A;2.617,38;aktiv
AV-00358;A-01053;07.10.2025;typ b;4.862,39;aktiv
AV-00359;A-00503;14.03.2024;Typ C;1.343,86;aktiv
AV-00360;A-02492;01.06.2016;typ a;4.909,47;aktiv
AV-00361;A-00792;04.10.2020;Typ C;895,81;aktiv
AV-00362;A-02142;16.11.2026;Typ B;4.782,73;aktiv
AV-00363;A-02239;02.06.2015;Typ B;4.761,85;aktiv
AV-00364;A-02007;26.12.2026;typ b;1.175,13;aktiv
AV-00365;A-02471;11.05.2025;Typ B;3.757,43;aktiv
AV-00366;A-00957;03.07.2024;Typ A;1.013,35;gekuendigt
AV-00367;A-01420;01.02.2021;Typ C;940,26;aktiv
AV-00368;A-00783;25.11.2019;Typ C;897,55;aktiv
AV-00369;A-00585;26.12.2021;Typ C;4.533,11;aktiv
AV-00370;A-01382;04.11.2020;Typ C;2.636,37;aktiv
AV-00371;A-01914;09.08.2021;Typ B;2.201,89;aktiv
AV-00372;A-01225;06.10.2020;Typ A;2.216,18;aktiv
AV-00373;A-00315;22.08.2020;Typ A;3.478,25;aktiv
AV-00374;A-02192;21.09.2022;Typ B;557,25;aktiv
AV-00375;A-01203;10.08.2016;Typ A;769,78;gekuendigt
AV-00376;A-00051;14.09.2018;Typ A;381,48;aktiv
AV-00377;A-01119;04.09.2015;Typ B;2.153,14;aktiv
AV-00378;A-01842;27.10.2026;Typ A;1.386,07;aktiv
AV-00379;A-00554;04.01.2023;Typ B;2.394,96;aktiv
AV-00380;A-02371;03.01.2021;Typ A;3.566,24;aktiv
AV-00381;A-00748;25.08.2026;Typ B;3.175,48;aktiv
AV-00382;A-01743;06.04.2017;Typ A;4.913,60;aktiv
AV-00383;A-01413;14.02.2025;Typ B;178,36;aktiv
AV-00384;A-01816;16.11.2017;Typ B;2.114,69;aktiv
AV-00385;A-00450;24.10.2026;Typ B;3.149,72;gekuendigt
AV-00386;A-02164;22.12.2020;Typ C;3.424,25;gekuendigt
AV-00387;A-00535;05.03.2016;Typ A;692,78;aktiv
AV-00388;A-02075;07.01.2018;Typ B;854,00;aktiv
AV-00389;A-00092;07.09.2025;Typ A;3.883,15;aktiv
AV-00390;A-02438;04.01.2021;Typ A;889,25;aktiv
AV-00391;A-00693;01.08.2022;Typ C;2.988,35;aktiv
AV-00392;A-00398;02.07.2024;Typ A;647,92;gekuendigt
AV-00393;A-02487;28.07.2021;Typ B;2.956,51;aktiv
AV-00394;A-00732;16.01.2019;Typ A;2.639,78;aktiv
AV-00395;A-01875;08.08.2025;Typ B;2.712,30;aktiv
AV-00396;A-01312;03.09.2020;Typ A;3.294,26;gekuendigt
AV-00397;A-00806;20.08.2016;Typ C;1.831,81;aktiv
AV-00398;A-00723;10.03.2015;Typ B;2.425,82;aktiv
AV-00399;A-01979;19.04.2023;Typ C;1.794,89;aktiv
AV-00400;A-00072;15.11.2026;Typ A;1.572,96;aktiv
AV-00401;A-00029;21.11.2021;Typ B;4.010,47;aktiv
AV-00402;A-01665;07.10.2017;Typ A;3.783,88;aktiv
AV-00403;A-01694;07.03.2017;Typ A;2.537,10;aktiv
AV-00404;A-00853;08.05.2022;Typ A;378,19;aktiv
AV-00405;A-00331;22.06.2019;Typ A;4.165,55;gekuendigt
AV-00406;A-00086;11.02.2015;Typ A;3.145,18;aktiv
AV-00407;A-00828;09.08.2018;Typ C;3.956,70;aktiv
AV-00408;A-00112;05.05.2023;Typ C;4.387,42;aktiv
AV-00409;A-01344;02.12.2016;Typ C;2.273,46;aktiv
AV-00410;A-01350;26.02.2016;Typ B;3.943,46;gekuendigt
AV-00411;A-02313;17.01.2023;Typ A;3.205,14;gekuendigt
AV-00412;A-00444;24.03.2020;Typ A;2.291,36;aktiv
AV-00413;A-00066;05.02.2026;typ b;1.772,85;aktiv
AV-00414;A-00909;14.08.2018;Typ B;181,95;gekuendigt
AV-00415;A-01631;10.06.2022;Typ B;563,38;aktiv
AV-00416;A-00417;21.06.2021;Typ B;885,31;aktiv
AV-00417;A-01136;05.04.2021;Typ C;2.155,04;aktiv
AV-00418;A-02410;26.09.2022;Typ B;4.727,14;aktiv
AV-00419;A-00595;26.12.2015;Typ B;487,47;aktiv
AV-00420;A-01993;14.03.2021;Typ A;3.832,08;aktiv
AV-00421;A-00700;19.03.2025;Typ A;3.213,30;aktiv
AV-00422;A-00764;10.09.2025;Typ A;4.446,05;aktiv
AV-00423;A-01457;24.12.2019;Typ A;1.819,16;gekuendigt
AV-00424;A-02354;05.10.2023;Typ B;2.314,02;aktiv
AV-00425;A-01179;26.10.2023;Typ B;2.294,40;aktiv
AV-00426;A-00101;25.07.2025;typ a;1.612,43;aktiv
AV-00427;A-01292;24.07.2020;Typ B;4.417,40;aktiv
AV-00428;A-00664;07.05.2023;Typ A;2.826,16;aktiv
AV-00429;A-00532;01.03.2025;typ a;4.013,50;aktiv
AV-00430;A-02402;24.05.2018;Typ A;2.600,58;aktiv
AV-00431;A-02070;21.05.2020;Typ B;750,49;aktiv
AV-00432;A-00874;10.08.2016;typ b;175,28;aktiv
AV-00433;A-00610;19.12.2018;Typ B;4.487,54;aktiv
AV-00434;A-01723;08.10.2023;Typ A;1.530,00;aktiv
AV-00435;A-01335;22.10.2026;Typ A;1.981,68;aktiv
AV-00436;A-02044;17.06.2016;Typ B;4.140,79;aktiv
AV-00437;A-01490;23.03.2016;Typ A;2.148,46;aktiv
AV-00438;A-01902;16.03.2021;Typ A;528,65;aktiv
AV-00439;A-01678;18.10.2021;Typ B;2.064,70;aktiv
AV-00440;A-01811;14.11.2022;Typ C;3.491,74;gekuendigt
AV-00441;A-01951;27.07.2026;typ a;2.603,06;aktiv
AV-00442;A-00515;23.03.2022;Typ B;2.716,33;aktiv
AV-00443;A-00184;02.08.2022;Typ B;4.728,74;aktiv
AV-00444;A-00448;28.10.2016;Typ A;736,20;aktiv
AV-00445;A-00421;05.09.2015;Typ A;1.628,88;aktiv
AV-00446;A-01473;01.08.2019;Typ B;839,38;aktiv
AV-00447;A-01536;10.05.2015;Typ A;4.122,76;aktiv
AV-00448;A-01833;12.09.2016;Typ A;366,71;aktiv
AV-00449;A-01966;15.10.2019;Typ C;3.939,54;aktiv
AV-00450;A-00464;05.10.2026;Typ B;2.598,10;aktiv
AV-00451;A-00133;15.11.2022;Typ A;3.680,14;aktiv
AV-00452;A-02086;20.11.2024;Typ A;1.279,19;aktiv
AV-00453;A-01268;22.01.2023;Typ C;3.719,18;aktiv
AV-00454;A-01436;01.12.2017;typ b;4.011,37;aktiv
AV-00455;A-02018;04.11.2023;Typ B;562,99;gekuendigt
AV-00456;A-00754;25.10.2023;Typ A;2.915,69;aktiv
AV-00457;A-00194;01.09.2022;Typ A;4.690,48;aktiv
AV-00458;A-02107;26.05.2015;Typ A;4.174,00;gekuendigt
AV-00459;A-01948;03.08.2024;Typ C;3.093,25;aktiv
AV-00460;A-01014;28.08.2015;Typ C;1.798,79;aktiv
AV-00461;A-00722;11.09.2015;Typ A;591,47;gekuendigt
AV-00462;A-02005;10.03.2023;Typ A;1.389,44;aktiv
AV-00463;A-00282;22.07.2019;Typ A;3.130,21;aktiv
AV-00464;A-02146;02.12.2015;Typ A;628,91;aktiv
AV-00465;A-01909;13.05.2020;Typ C;4.512,58;aktiv
AV-00466;A-00378;19.10.2018;Typ A;2.616,81;aktiv
AV-00467;A-00896;02.05.2016;Typ A;2.832,64;aktiv
AV-00468;A-00146;21.07.2015;Typ A;4.447,86;aktiv
AV-00469;A-02008;04.11.2024;Typ A;2.840,33;aktiv
AV-00470;A-01321;14.10.2019;Typ A;4.254,45;aktiv
AV-00471;A-01974;18.06.2017;Typ C;3.942,81;aktiv
AV-00472;A-01759;15.09.2021;Typ A;4.091,32;gekuendigt
AV-00473;A-02310;21.05.2024;Typ C;152,63;gekuendigt
AV-00474;A-01336;20.05.2022;Typ A;3.447,99;gekuendigt
AV-00475;A-00332;19.04.2025;Typ C;1.514,36;aktiv
AV-00476;A-00923;03.10.2023;Typ A;2.067,23;aktiv
AV-00477;A-01279;18.12.2017;Typ C;4.409,65;aktiv
AV-00478;A-00454;22.06.2023;typ c;3.230,57;gekuendigt
AV-00479;A-00237;09.08.2026;Typ A;4.917,66;aktiv
AV-00480;A-00475;11.10.2022;Typ A;3.505,45;aktiv
AV-00481;A-01739;16.10.2015;Typ A;196,46;aktiv
AV-00482;A-02025;23.12.2023;Typ B;2.055,04;aktiv
AV-00483;A-01863;03.11.2025;typ b;4.478,98;gekuendigt
AV-00484;A-02091;04.11.2022;Typ A;4.091,99;gekuendigt
AV-00485;A-00470;06.07.2020;Typ C;4.087,57;gekuendigt
AV-00486;A-01317;12.08.2016;Typ C;2.306,20;aktiv
AV-00487;A-00110;22.05.2015;Typ C;1.885,43;aktiv
AV-00488;A-02364;10.11.2024;Typ C;1.222,57;gekuendigt
AV-00489;A-00028;09.01.2020;Typ B;3.564,63;aktiv
AV-00490;A-01988;27.04.2015;typ b;688,09;aktiv
AV-00491;A-00195;06.08.2023;Typ B;3.350,22;aktiv
AV-00492;A-00913;19.10.2025;Typ A;3.002,60;aktiv
AV-00493;A-02216;19.05.2017;Typ C;4.422,87;aktiv
AV-00494;A-00903;28.04.2019;Typ B;4.960,96;aktiv
AV-00495;A-00741;09.10.2023;Typ B;4.433,04;aktiv
AV-00496;A-01749;22.11.2021;Typ C;401,53;gekuendigt
AV-00497;A-00116;09.07.2021;Typ A;2.663,73;aktiv
AV-00498;A-00025;24.01.2023;Typ A;1.497,98;aktiv
AV-00499;A-01812;01.06.2022;Typ A;1.773,32;gekuendigt
AV-00500;A-01201;08.12.2015;typ c;2.205,53;aktiv
AV-00501;A-02327;06.04.2018;Typ A;454,79;aktiv
AV-00502;A-01626;14.08.2015;Typ C;3.023,77;aktiv
AV-00503;A-00820;08.05.2020;Typ A;1.306,04;aktiv
AV-00504;A-01925;17.06.2015;Typ B;4.726,21;aktiv
AV-00505;A-02378;25.08.2024;Typ A;2.315,31;aktiv
AV-00506;A-02337;13.01.2015;Typ A;4.261,31;
AV-00507;A-01270;26.01.2017;Typ A;1.612,13;aktiv
AV-00508;A-02224;22.02.2016;Typ A;403,19;gekuendigt
AV-00509;A-00742;20.02.2021;typ b;1.280,59;aktiv
AV-00510;A-02182;01.10.2025;Typ B;2.401,41;aktiv
AV-00511;A-00191;04.10.2024;Typ A;4.697,29;aktiv
AV-00512;A-01487;11.09.2022;Typ B;673,83;aktiv
AV-00513;A-00629;19.02.2026;typ b;1.089,03;aktiv
AV-00514;A-02326;09.09.2025;Typ A;2.484,79;aktiv
AV-00515;A-00177;05.04.2017;Typ B;443,38;aktiv
AV-00516;A-00248;21.09.2021;Typ B;1.659,26;
AV-00517;A-02260;16.03.2017;typ a;1.813,07;aktiv
AV-00518;A-00919;19.09.2015;Typ B;851,31;aktiv
AV-00519;A-01835;14.01.2023;Typ A;4.886,08;aktiv
AV-00520;A-01658;11.02.2018;Typ A;2.457,27;aktiv
AV-00521;A-00098;23.10.2022;Typ A;2.955,29;gekuendigt
AV-00522;A-00524;14.05.2024;Typ A;658,51;gekuendigt
AV-00523;A-02298;08.08.2015;Typ C;3.248,02;aktiv
AV-00524;A-02429;07.10.2022;Typ A;3.712,74;gekuendigt
AV-00525;A-02239;13.12.2020;Typ A;1.043,59;gekuendigt
AV-00526;A-00233;03.01.2020;Typ A;2.840,25;aktiv
AV-00527;A-00400;21.04.2022;Typ B;3.862,83;aktiv
AV-00528;A-01155;07.04.2015;Typ A;1.211,88;aktiv
AV-00529;A-00158;28.06.2017;Typ B;1.015,93;aktiv
AV-00530;A-02279;01.02.2019;Typ C;815,63;aktiv
AV-00531;A-00267;07.06.2016;typ a;1.314,73;gekuendigt
AV-00532;A-00043;17.03.2025;typ c;4.988,82;gekuendigt
AV-00533;A-01221;04.02.2026;Typ A;4.632,15;aktiv
AV-00534;A-01996;13.09.2018;Typ B;1.692,07;aktiv
AV-00535;A-00652;02.04.2025;Typ B;2.998,53;gekuendigt
AV-00536;A-02281;11.03.2019;Typ A;3.202,88;aktiv
AV-00537;A-01494;19.09.2017;Typ C;1.164,80;aktiv
AV-00538;A-01306;20.11.2022;Typ A;2.616,78;aktiv
AV-00539;A-00083;12.09.2025;Typ B;2.401,70;aktiv
AV-00540;A-00271;23.09.2020;Typ B;4.785,40;aktiv
AV-00541;A-01664;21.07.2024;Typ C;2.982,32;aktiv
AV-00542;A-01453;15.04.2018;Typ C;2.070,11;aktiv
AV-00543;A-00292;06.10.2021;Typ C;1.964,42;aktiv
AV-00544;A-00087;10.02.2017;Typ A;1.855,14;aktiv
AV-00545;A-01722;20.09.2022;Typ A;2.338,08;aktiv
AV-00546;A-02368;11.08.2020;Typ A;269,88;aktiv
AV-00547;A-00607;03.11.2019;typ a;549,73;gekuendigt
AV-00548;A-01406;21.09.2023;Typ A;1.490,66;aktiv
AV-00549;A-01727;12.02.2016;Typ A;1.121,49;aktiv
AV-00550;A-00739;10.05.2020;Typ B;3.877,14;gekuendigt
AV-00551;A-01187;20.12.2018;Typ C;4.992,26;aktiv
AV-00552;A-00927;09.09.2026;Typ A;1.602,45;gekuendigt
AV-00553;A-00695;27.07.2021;Typ B;3.328,25;aktiv
AV-00554;A-01352;28.03.2023;Typ A;1.250,59;aktiv
AV-00555;A-01998;17.04.2022;Typ B;2.830,18;aktiv
AV-00556;A-01166;26.06.2022;Typ A;4.252,14;aktiv
AV-00557;A-01455;07.07.2026;Typ A;4.286,78;aktiv
AV-00558;A-02136;28.10.2017;Typ A;4.725,27;aktiv
AV-00559;A-01256;11.06.2025;Typ A;2.214,74;aktiv
AV-00560;A-02470;10.09.2026;Typ A;262,71;aktiv
AV-00561;A-00981;11.03.2017;Typ B;4.025,86;gekuendigt
AV-00562;A-02084;13.07.2024;Typ A;2.044,59;
AV-00563;A-02280;04.08.2018;Typ A;4.815,40;aktiv
AV-00564;A-01834;06.02.2019;Typ A;2.831,60;aktiv
AV-00565;A-02130;16.10.2026;Typ A;1.115,14;gekuendigt
AV-00566;A-00163;07.05.2021;Typ A;3.348,91;
AV-00567;A-01237;17.06.2015;Typ A;1.734,84;gekuendigt
AV-00568;A-00335;04.03.2021;Typ A;2.179,30;aktiv
AV-00569;A-00678;05.04.2021;Typ C;1.652,32;gekuendigt
AV-00570;A-00505;06.08.2025;Typ B;4.704,90;aktiv
AV-00571;A-00774;22.12.2023;Typ B;1.128,26;gekuendigt
AV-00572;A-00611;27.02.2022;Typ A;4.066,69;aktiv
AV-00573;A-01651;15.08.2024;Typ B;339,56;aktiv
AV-00574;A-02488;12.08.2025;typ b;3.601,49;aktiv
AV-00575;A-01183;14.03.2024;Typ A;4.514,83;aktiv
AV-00576;A-00244;22.07.2022;Typ A;2.907,78;aktiv
AV-00577;A-02060;28.04.2015;Typ A;4.430,40;aktiv
AV-00578;A-02409;23.02.2025;Typ B;4.525,84;gekuendigt
AV-00579;A-00874;04.09.2021;Typ C;521,19;aktiv
AV-00580;A-01910;15.07.2020;Typ A;1.155,75;aktiv
AV-00581;A-00208;21.02.2015;Typ B;3.786,22;aktiv
AV-00582;A-01565;28.07.2026;Typ A;333,21;aktiv
AV-00583;A-00867;11.03.2026;Typ B;2.401,59;aktiv
AV-00584;A-01780;22.09.2016;typ a;4.757,59;aktiv
AV-00585;A-00917;06.03.2019;Typ C;3.093,89;aktiv
AV-00586;A-01943;24.09.2016;Typ A;526,29;aktiv
AV-00587;A-00605;05.05.2025;typ a;1.013,01;aktiv
AV-00588;A-02263;07.09.2025;Typ A;381,62;aktiv
AV-00589;A-02316;22.11.2023;Typ B;4.500,50;aktiv
AV-00590;A-00911;02.08.2019;Typ B;386,02;aktiv
AV-00591;A-00595;12.04.2018;typ c;1.119,93;aktiv
AV-00592;A-01553;11.01.2015;typ c;3.447,80;
AV-00593;A-01841;06.11.2016;Typ B;363,46;aktiv
AV-00594;A-01786;18.06.2020;Typ B;3.179,67;gekuendigt
AV-00595;A-02398;04.07.2021;Typ A;663,54;aktiv
AV-00596;A-01701;21.07.2015;Typ A;2.037,56;
AV-00597;A-00770;27.11.2016;Typ A;3.175,96;aktiv
AV-00598;A-02358;10.07.2018;Typ B;2.572,94;gekuendigt
AV-00599;A-01358;26.09.2026;Typ C;4.274,76;aktiv
AV-00600;A-01076;11.10.2016;Typ C;3.527,13;aktiv
AV-00601;A-00938;11.03.2026;Typ A;3.844,32;aktiv
AV-00602;A-01594;03.08.2025;Typ A;3.101,39;aktiv
AV-00603;A-01579;21.09.2021;Typ B;2.591,59;aktiv
AV-00604;A-00708;01.04.2015;Typ B;4.499,38;aktiv
AV-00605;A-00316;25.07.2026;Typ A;535,04;aktiv
AV-00606;A-01634;07.05.2022;Typ A;1.141,27;aktiv
AV-00607;A-00928;15.10.2026;Typ B;1.744,15;aktiv
AV-00608;A-00701;17.01.2025;Typ B;2.162,23;gekuendigt
AV-00609;A-00402;28.04.2015;Typ B;1.812,23;aktiv
AV-00610;A-01079;08.11.2015;Typ C;3.526,95;aktiv
AV-00611;A-00792;11.09.2021;Typ A;3.204,45;aktiv
AV-00612;A-00050;07.02.2022;Typ A;4.961,26;gekuendigt
AV-00613;A-01656;06.02.2017;Typ B;4.181,42;gekuendigt
AV-00614;A-02247;03.09.2018;Typ A;2.415,31;aktiv
AV-00615;A-00584;14.04.2018;Typ A;1.357,50;aktiv
AV-00616;A-00923;07.11.2022;Typ A;3.939,25;aktiv
AV-00617;A-00015;13.07.2020;Typ A;2.290,67;aktiv
AV-00618;A-01037;25.07.2026;typ a;4.775,72;aktiv
AV-00619;A-01195;28.07.2021;Typ A;4.546,32;aktiv
AV-00620;A-00152;18.03.2023;typ b;1.397,86;aktiv
AV-00621;A-02015;13.05.2022;Typ B;2.482,10;aktiv
AV-00622;A-00574;07.08.2026;typ a;1.069,69;aktiv
AV-00623;A-00399;24.12.2023;typ a;2.112,09;aktiv
AV-00624;A-00145;12.12.2021;Typ A;1.642,88;gekuendigt
AV-00625;A-01888;02.07.2016;Typ C;753,72;gekuendigt
AV-00626;A-00877;25.04.2017;Typ A;1.388,00;gekuendigt
AV-00627;A-01965;17.06.2026;Typ B;3.229,65;aktiv
AV-00628;A-00488;13.11.2015;Typ C;3.717,97;aktiv
AV-00629;A-00037;21.06.2015;Typ B;287,04;aktiv
AV-00630;A-02074;20.05.2017;Typ B;3.453,17;aktiv
AV-00631;A-02212;22.10.2024;Typ C;209,84;aktiv
AV-00632;A-01923;13.12.2025;Typ A;2.992,88;gekuendigt
AV-00633;A-01829;14.04.2023;Typ A;2.220,33;aktiv
AV-00634;A-00096;22.09.2023;Typ C;2.992,49;aktiv
AV-00635;A-00644;04.02.2026;Typ B;3.916,95;aktiv
AV-00636;A-01938;24.05.2017;Typ A;3.779,21;aktiv
AV-00637;A-00301;27.03.2015;Typ B;619,82;aktiv
AV-00638;A-01593;14.09.2021;Typ B;3.705,25;aktiv
AV-00639;A-00525;23.03.2020;Typ A;2.509,39;aktiv
AV-00640;A-00802;19.08.2016;typ c;1.050,34;aktiv
AV-00641;A-00776;09.04.2017;Typ C;4.377,34;aktiv
AV-00642;A-01032;28.02.2024;Typ B;537,08;aktiv
AV-00643;A-00975;03.05.2016;Typ A;2.990,39;aktiv
AV-00644;A-00072;01.02.2025;Typ A;3.796,22;aktiv
AV-00645;A-00897;04.01.2024;Typ A;3.990,16;aktiv
AV-00646;A-00006;16.05.2023;Typ B;1.784,60;aktiv
AV-00647;A-00564;11.11.2020;Typ C;4.111,71;gekuendigt
AV-00648;A-01901;13.07.2025;Typ B;4.880,23;gekuendigt
AV-00649;A-00846;15.01.2016;Typ C;2.098,77;gekuendigt
AV-00650;A-01466;20.01.2017;Typ A;2.723,55;gekuendigt
AV-00651;A-02312;15.06.2018;Typ B;3.345,55;aktiv
AV-00652;A-02435;07.11.2021;Typ A;3.244,66;gekuendigt
AV-00653;A-00416;21.01.2020;Typ A;371,91;gekuendigt
AV-00654;A-02139;15.11.2020;Typ A;2.500,00;aktiv
AV-00655;A-01659;14.06.2016;Typ C;4.716,17;aktiv
AV-00656;A-00396;04.12.2025;Typ B;1.575,24;aktiv
AV-00657;A-00420;19.09.2017;Typ B;3.625,83;aktiv
AV-00658;A-01293;10.02.2022;typ c;4.982,08;gekuendigt
AV-00659;A-01052;15.03.2022;Typ C;2.488,52;aktiv
AV-00660;A-00604;06.04.2018;Typ B;3.349,76;aktiv
AV-00661;A-01587;01.12.2021;typ a;4.655,49;gekuendigt
AV-00662;A-00586;24.04.2019;Typ A;2.460,07;gekuendigt
AV-00663;A-02340;05.11.2016;Typ C;3.222,71;aktiv
AV-00664;A-02480;28.06.2026;Typ A;2.943,46;gekuendigt
AV-00665;A-00831;11.11.2016;Typ A;3.629,60;aktiv
AV-00666;A-00081;21.11.2021;Typ B;4.836,30;aktiv
AV-00667;A-00096;09.04.2018;Typ A;575,25;aktiv
AV-00668;A-02420;07.10.2026;Typ B;713,12;aktiv
AV-00669;A-01686;19.07.2020;Typ B;1.657,37;aktiv
AV-00670;A-00475;14.07.2018;Typ A;1.920,37;aktiv
AV-00671;A-02099;22.09.2017;Typ B;1.227,39;aktiv
AV-00672;A-01157;11.08.2023;Typ A;4.723,02;gekuendigt
AV-00673;A-01069;15.11.2022;Typ A;1.524,46;aktiv
AV-00674;A-00848;20.01.2026;Typ A;2.586,53;aktiv
AV-00675;A-00449;19.12.2019;Typ B;4.169,13;aktiv
AV-00676;A-01372;02.07.2026;Typ C;1.765,75;gekuendigt
AV-00677;A-02394;26.12.2018;Typ A;3.718,27;gekuendigt
AV-00678;A-01586;24.08.2017;Typ A;4.924,29;aktiv
AV-00679;A-00441;18.01.2017;Typ A;2.198,82;aktiv
AV-00680;A-01930;13.07.2020;Typ A;3.674,76;aktiv
AV-00681;A-02266;28.12.2018;Typ B;622,00;aktiv
AV-00682;A-02275;28.01.2024;Typ C;1.624,76;aktiv
AV-00683;A-01518;15.03.2024;Typ B;1.561,75;aktiv
AV-00684;A-01332;07.12.2018;Typ B;194,29;aktiv
AV-00685;A-01723;22.02.2024;Typ B;4.313,39;aktiv
AV-00686;A-02423;27.11.2021;Typ A;423,21;
AV-00687;A-01769;02.03.2022;typ a;2.649,86;aktiv
AV-00688;A-00179;21.03.2021;Typ B;1.338,25;aktiv
AV-00689;A-01248;10.08.2021;Typ B;4.779,59;
AV-00690;A-00091;26.12.2021;Typ B;584,61;aktiv
AV-00691;A-01773;09.07.2025;Typ B;2.308,82;aktiv
AV-00692;A-01755;04.02.2016;Typ B;3.393,64;aktiv
AV-00693;A-00201;19.10.2015;Typ C;2.475,57;aktiv
AV-00694;A-01616;06.10.2016;Typ A;4.999,78;aktiv
AV-00695;A-01600;05.10.2019;Typ A;457,97;
AV-00696;A-01263;13.03.2023;typ c;245,77;aktiv
AV-00697;A-00507;16.09.2023;Typ A;4.210,15;aktiv
AV-00698;A-01969;25.02.2025;Typ B;4.833,55;gekuendigt
AV-00699;A-02199;23.10.2017;Typ A;2.840,40;gekuendigt
AV-00700;A-01349;05.01.2016;Typ B;3.315,31;aktiv
AV-00701;A-02046;03.01.2019;Typ C;2.604,82;aktiv
AV-00702;A-01544;14.03.2023;Typ C;3.342,07;aktiv
AV-00703;A-00883;26.09.2015;Typ A;2.740,40;aktiv
AV-00704;A-00294;11.12.2022;typ b;4.932,19;aktiv
AV-00705;A-01999;07.09.2023;Typ B;3.363,69;aktiv
AV-00706;A-01377;05.04.2015;Typ A;4.188,24;gekuendigt
AV-00707;A-00393;07.09.2024;Typ B;1.495,37;aktiv
AV-00708;A-01416;18.02.2021;Typ A;2.001,64;gekuendigt
AV-00709;A-00839;03.08.2021;Typ C;3.431,15;gekuendigt
AV-00710;A-01526;07.09.2017;Typ A;3.703,47;gekuendigt
AV-00711;A-01112;07.11.2026;Typ B;2.883,66;aktiv
AV-00712;A-01833;06.10.2023;Typ A;894,43;gekuendigt
AV-00713;A-00254;01.07.2021;Typ C;1.350,36;aktiv
AV-00714;A-01744;22.02.2023;Typ B;469,90;
AV-00715;A-01698;25.06.2020;Typ A;4.363,95;aktiv
AV-00716;A-01546;13.02.2015;Typ C;1.227,79;gekuendigt
AV-00717;A-01643;17.03.2016;Typ B;1.636,77;gekuendigt
AV-00718;A-01058;17.02.2022;Typ A;2.924,97;aktiv
AV-00719;A-02253;04.10.2019;Typ C;978,12;gekuendigt
AV-00720;A-00711;12.03.2021;Typ C;3.437,39;aktiv
AV-00721;A-00122;28.10.2023;Typ A;3.022,70;aktiv
AV-00722;A-01764;23.09.2025;Typ A;762,89;aktiv
AV-00723;A-00691;02.05.2026;typ c;3.250,09;aktiv
AV-00724;A-02159;20.11.2018;Typ A;2.370,26;aktiv
AV-00725;A-01566;17.08.2020;typ a;4.770,19;aktiv
AV-00726;A-01378;10.04.2026;typ b;571,67;aktiv
AV-00727;A-00657;21.02.2020;Typ A;3.690,27;gekuendigt
AV-00728;A-02355;02.10.2017;Typ A;1.536,38;gekuendigt
AV-00729;A-00307;22.07.2015;Typ B;3.694,37;aktiv
AV-00730;A-01718;22.11.2023;Typ C;3.534,73;aktiv
AV-00731;A-01936;27.04.2024;Typ B;3.613,68;aktiv
AV-00732;A-00338;08.06.2026;Typ C;3.356,69;gekuendigt
AV-00733;A-01545;20.11.2023;Typ A;2.325,96;aktiv
AV-00734;A-00221;06.04.2023;Typ A;4.221,13;aktiv
AV-00735;A-01940;16.07.2015;Typ A;1.960,43;aktiv
AV-00736;A-02111;27.04.2025;Typ B;3.867,11;aktiv
AV-00737;A-01121;10.08.2019;Typ A;160,84;aktiv
AV-00738;A-01213;10.04.2021;Typ C;4.801,80;aktiv
AV-00739;A-01160;20.08.2015;Typ C;428,86;aktiv
AV-00740;A-02012;10.06.2022;Typ A;175,00;gekuendigt
AV-00741;A-01600;12.07.2017;typ a;2.239,40;aktiv
AV-00742;A-02328;05.09.2023;Typ A;4.578,58;aktiv
AV-00743;A-01239;08.05.2025;Typ B;1.965,40;aktiv
AV-00744;A-00076;26.09.2017;Typ A;4.948,44;aktiv
AV-00745;A-02240;05.03.2022;Typ A;2.254,71;aktiv
AV-00746;A-02069;04.04.2026;Typ A;345,24;aktiv
AV-00747;A-02296;02.06.2026;Typ A;1.115,11;aktiv
AV-00748;A-01839;04.05.2025;typ a;2.818,10;aktiv
AV-00749;A-01532;11.03.2026;Typ B;3.934,64;aktiv
AV-00750;A-02048;27.12.2026;Typ C;787,38;gekuendigt
AV-00751;A-00080;05.03.2015;Typ A;216,20;aktiv
AV-00752;A-00364;27.11.2015;Typ A;4.885,73;aktiv
AV-00753;A-01967;10.08.2021;typ a;550,68;aktiv
AV-00754;A-00602;24.03.2024;Typ B;1.359,91;aktiv
AV-00755;A-00512;08.12.2019;Typ B;2.231,42;aktiv
AV-00756;A-01346;24.12.2016;Typ B;1.028,76;gekuendigt
AV-00757;A-01113;21.11.2024;Typ A;734,24;aktiv
AV-00758;A-00854;05.04.2019;Typ A;3.139,87;aktiv
AV-00759;A-01745;14.07.2015;Typ B;3.545,77;gekuendigt
AV-00760;A-01410;14.06.2018;Typ B;2.622,84;aktiv
AV-00761;A-01347;09.02.2019;Typ A;4.723,54;aktiv
AV-00762;A-02056;02.06.2018;Typ A;152,60;aktiv
AV-00763;A-00163;10.04.2020;Typ B;4.556,14;aktiv
AV-00764;A-01832;16.05.2017;Typ A;1.626,13;aktiv
AV-00765;A-00164;18.11.2015;Typ B;781,99;aktiv
AV-00766;A-01134;25.12.2020;Typ B;3.082,86;aktiv
AV-00767;A-00482;19.04.2019;Typ A;4.452,89;aktiv
AV-00768;A-01099;04.10.2026;Typ A;4.846,40;gekuendigt
AV-00769;A-02223;23.04.2018;typ a;628,39;gekuendigt
AV-00770;A-02274;10.06.2024;Typ B;4.949,78;aktiv
AV-00771;A-00615;02.03.2026;Typ A;2.178,33;aktiv
AV-00772;A-00871;12.06.2023;Typ A;3.629,03;gekuendigt
AV-00773;A-01287;14.08.2016;Typ B;4.769,35;aktiv
AV-00774;A-01469;09.10.2017;Typ B;775,33;aktiv
AV-00775;A-01090;26.01.2024;Typ C;1.072,43;gekuendigt
AV-00776;A-00289;18.11.2022;Typ C;4.861,96;aktiv
AV-00777;A-02198;18.07.2023;Typ B;2.094,12;aktiv
AV-00778;A-01472;06.01.2017;typ b;3.021,75;aktiv
AV-00779;A-00385;17.08.2023;Typ B;2.696,61;aktiv
AV-00780;A-00128;23.05.2018;Typ A;727,65;aktiv
AV-00781;A-00541;10.04.2023;typ a;868,48;gekuendigt
AV-00782;A-00777;28.05.2017;Typ B;3.265,70;aktiv
AV-00783;A-00963;04.09.2018;Typ A;1.835,19;aktiv
AV-00784;A-00198;03.06.2020;Typ C;4.437,33;aktiv
AV-00785;A-01856;20.07.2017;Typ A;4.928,52;aktiv
AV-00786;A-01135;08.06.2015;Typ B;1.506,50;aktiv
AV-00787;A-01183;22.09.2015;Typ C;3.924,20;aktiv
AV-00788;A-01265;24.12.2016;Typ B;4.736,43;aktiv
AV-00789;A-02222;20.11.2025;Typ B;4.111,71;aktiv
AV-00790;A-01673;19.04.2019;Typ B;4.312,37;aktiv
AV-00791;A-00766;24.04.2022;typ b;1.937,90;gekuendigt
AV-00792;A-01622;06.08.2016;Typ B;4.105,65;aktiv
AV-00793;A-00640;24.08.2024;Typ A;1.517,91;aktiv
AV-00794;A-01690;22.07.2017;Typ B;486,85;aktiv
AV-00795;A-00575;21.08.2018;Typ C;636,13;aktiv
AV-00796;A-00993;20.01.2026;Typ A;2.012,35;aktiv
AV-00797;A-00794;02.11.2015;Typ A;3.885,07;aktiv
AV-00798;A-00374;01.10.2025;Typ B;195,57;aktiv
AV-00799;A-00690;27.12.2023;Typ A;3.581,16;aktiv
AV-00800;A-01957;15.10.2022;Typ C;1.640,82;aktiv
AV-00801;A-00747;18.01.2018;Typ B;3.193,31;aktiv
AV-00802;A-01145;18.02.2015;Typ A;2.630,98;gekuendigt
AV-00803;A-01604;08.01.2017;Typ A;2.221,61;aktiv
AV-00804;A-01481;08.05.2025;typ c;3.469,42;aktiv
AV-00805;A-00969;16.02.2026;Typ A;684,16;aktiv
AV-00806;A-00661;03.06.2019;Typ B;724,00;gekuendigt
AV-00807;A-01189;20.01.2016;Typ A;2.228,85;aktiv
AV-00808;A-00260;14.11.2017;Typ A;3.386,28;aktiv
AV-00809;A-01427;04.06.2019;Typ A;2.571,37;aktiv
AV-00810;A-00889;26.12.2019;Typ A;160,57;gekuendigt
AV-00811;A-00063;05.11.2017;Typ A;2.044,41;aktiv
AV-00812;A-01615;04.02.2022;typ b;4.803,99;aktiv
AV-00813;A-00322;05.06.2016;Typ A;2.017,33;aktiv
AV-00814;A-02083;23.08.2021;Typ C;3.068,45;aktiv
AV-00815;A-00829;08.11.2017;Typ A;2.814,30;aktiv
AV-00816;A-00433;18.09.2022;Typ C;2.015,44;aktiv
AV-00817;A-00958;19.09.2021;Typ B;4.084,77;aktiv
AV-00818;A-01800;12.04.2016;Typ A;4.970,44;aktiv
AV-00819;A-00055;05.08.2023;Typ C;438,95;aktiv
AV-00820;A-00706;15.05.2017;Typ A;4.288,56;gekuendigt
AV-00821;A-00949;07.04.2021;typ c;420,95;aktiv
AV-00822;A-01575;05.12.2026;Typ A;277,78;gekuendigt
AV-00823;A-00740;23.01.2020;Typ A;2.970,79;aktiv
AV-00824;A-00838;01.03.2024;Typ A;835,20;aktiv
AV-00825;A-00835;27.10.2015;Typ C;876,13;aktiv
AV-00826;A-02011;24.03.2026;Typ B;4.751,51;aktiv
AV-00827;A-01598;15.06.2026;Typ B;3.521,95;aktiv
AV-00828;A-01439;21.01.2017;Typ A;3.792,99;
AV-00829;A-01352;27.07.2015;Typ A;4.748,97;aktiv
AV-00830;A-01818;19.05.2026;Typ B;3.590,36;aktiv
AV-00831;A-01902;03.05.2017;Typ B;4.892,94;aktiv
AV-00832;A-01995;20.07.2018;Typ A;2.052,61;gekuendigt
AV-00833;A-00234;27.10.2023;Typ A;3.508,27;aktiv
AV-00834;A-00901;13.11.2025;Typ C;949,40;gekuendigt
AV-00835;A-00782;07.07.2025;Typ A;656,34;aktiv
AV-00836;A-01278;08.01.2020;Typ A;2.776,60;aktiv
AV-00837;A-00653;25.01.2024;Typ C;1.060,56;aktiv
AV-00838;A-00110;09.04.2015;Typ A;2.915,10;aktiv
AV-00839;A-01782;02.01.2022;Typ A;4.726,02;aktiv
AV-00840;A-01893;13.05.2020;Typ B;1.675,19;aktiv
AV-00841;A-00365;23.03.2020;Typ B;1.756,89;gekuendigt
AV-00842;A-02467;17.02.2023;Typ C;878,41;aktiv
AV-00843;A-00571;19.08.2021;Typ C;331,43;aktiv
AV-00844;A-01458;03.08.2025;Typ C;602,46;aktiv
AV-00845;A-02105;21.11.2018;Typ A;3.634,99;gekuendigt
AV-00846;A-01628;24.09.2023;Typ B;2.687,94;aktiv
AV-00847;A-00824;11.03.2022;Typ A;3.173,83;gekuendigt
AV-00848;A-02336;25.12.2015;Typ B;1.309,69;gekuendigt
AV-00849;A-02091;05.02.2024;Typ B;4.972,86;aktiv
AV-00850;A-00155;25.03.2015;Typ C;2.803,61;gekuendigt
AV-00851;A-00259;04.08.2016;Typ B;973,13;aktiv
AV-00852;A-00725;19.05.2016;Typ A;582,76;aktiv
AV-00853;A-01339;16.05.2022;Typ C;3.851,26;aktiv
AV-00854;A-00170;19.02.2017;Typ B;1.912,84;aktiv
AV-00855;A-01731;22.10.2021;Typ A;1.928,65;gekuendigt
AV-00856;A-01289;03.06.2020;Typ B;2.603,82;aktiv
AV-00857;A-00277;20.01.2025;Typ C;426,73;aktiv
AV-00858;A-01619;01.09.2026;Typ A;660,70;aktiv
AV-00859;A-01946;28.07.2024;Typ A;2.032,88;aktiv
AV-00860;A-00712;15.06.2016;Typ B;2.745,31;
AV-00861;A-00062;06.02.2016;Typ B;4.599,68;gekuendigt
AV-00862;A-01887;13.04.2021;Typ A;1.688,83;gekuendigt
AV-00863;A-01299;23.04.2022;Typ B;704,48;aktiv
AV-00864;A-01300;16.03.2023;Typ A;1.185,33;aktiv
AV-00865;A-01020;02.07.2024;Typ C;1.903,24;aktiv
AV-00866;A-01120;02.04.2022;Typ A;261,27;aktiv
AV-00867;A-00017;09.05.2021;Typ B;555,42;aktiv
AV-00868;A-01741;10.02.2021;Typ C;2.339,39;aktiv
AV-00869;A-01950;09.11.2018;typ a;410,65;gekuendigt
AV-00870;A-01460;25.06.2021;Typ A;1.113,24;gekuendigt
AV-00871;A-00299;18.08.2022;Typ B;929,34;aktiv
AV-00872;A-02175;19.12.2020;Typ A;198,17;aktiv
AV-00873;A-01232;03.04.2024;Typ B;2.955,67;aktiv
AV-00874;A-01535;24.12.2025;Typ C;3.705,66;aktiv
AV-00875;A-00718;16.03.2022;Typ C;700,99;gekuendigt
AV-00876;A-00433;17.05.2021;Typ B;4.942,96;gekuendigt
AV-00877;A-01110;15.11.2017;Typ B;2.955,13;aktiv
AV-00878;A-02267;14.04.2026;Typ B;3.905,76;aktiv
AV-00879;A-00599;07.06.2018;Typ C;4.862,96;aktiv
AV-00880;A-00613;27.06.2015;Typ A;1.614,43;aktiv
AV-00881;A-02141;16.12.2016;Typ B;2.361,59;aktiv
AV-00882;A-02150;14.09.2020;Typ B;3.860,64;aktiv
AV-00883;A-02179;14.08.2017;Typ A;2.830,85;aktiv
AV-00884;A-00799;10.07.2021;Typ C;3.489,47;aktiv
AV-00885;A-01330;20.12.2019;Typ C;4.543,53;aktiv
AV-00886;A-01872;03.02.2016;Typ B;3.138,86;aktiv
AV-00887;A-00330;25.12.2022;Typ B;2.791,96;aktiv
AV-00888;A-01776;26.10.2023;Typ A;1.556,04;aktiv
AV-00889;A-01826;18.08.2018;Typ A;1.098,47;aktiv
AV-00890;A-00572;26.06.2016;Typ C;2.152,73;gekuendigt
AV-00891;A-00526;13.12.2026;Typ A;1.967,02;aktiv
AV-00892;A-01942;22.05.2019;Typ A;4.216,65;aktiv
AV-00893;A-01426;08.11.2021;Typ A;4.558,94;aktiv
AV-00894;A-01504;26.03.2015;Typ A;4.111,03;gekuendigt
AV-00895;A-00142;11.06.2024;Typ A;2.925,11;aktiv
AV-00896;A-02036;07.07.2023;Typ B;2.057,59;aktiv
AV-00897;A-02049;05.07.2024;Typ C;2.043,50;aktiv
AV-00898;A-00730;17.06.2021;Typ A;1.270,20;aktiv
AV-00899;A-00302;04.09.2017;Typ B;3.953,76;gekuendigt
AV-00900;A-00755;27.05.2025;Typ B;4.751,20;aktiv
AV-00901;A-01294;14.01.2016;typ a;3.884,66;aktiv
AV-00902;A-01963;18.12.2024;Typ C;532,05;aktiv
AV-00903;A-01596;05.12.2026;Typ C;3.227,15;
AV-00904;A-00226;21.04.2017;Typ C;1.590,07;aktiv
AV-00905;A-01075;25.12.2018;Typ C;1.983,82;aktiv
AV-00906;A-02166;03.05.2015;Typ C;3.193,07;aktiv
AV-00907;A-01512;04.02.2024;Typ B;3.040,09;aktiv
AV-00908;A-00753;06.05.2019;Typ A;2.547,09;aktiv
AV-00909;A-01104;04.07.2018;Typ B;256,49;aktiv
AV-00910;A-00900;07.02.2025;Typ B;1.969,98;aktiv
AV-00911;A-02169;06.03.2022;Typ A;4.532,65;aktiv
AV-00912;A-01036;28.10.2025;Typ A;4.883,19;gekuendigt
AV-00913;A-02240;20.10.2022;Typ B;918,18;aktiv
AV-00914;A-02494;20.04.2016;Typ A;261,74;aktiv
AV-00915;A-02186;28.04.2017;Typ A;4.508,08;aktiv
AV-00916;A-01441;03.04.2017;Typ B;4.708,26;aktiv
AV-00917;A-01547;03.04.2022;Typ A;2.824,76;aktiv
AV-00918;A-01494;14.08.2026;typ b;2.089,72;aktiv
AV-00919;A-01233;22.04.2017;Typ C;3.629,37;gekuendigt
AV-00920;A-02403;26.10.2016;Typ B;1.661,19;aktiv
AV-00921;A-00147;14.08.2026;Typ C;2.205,13;aktiv
AV-00922;A-00143;04.10.2020;Typ B;2.232,17;aktiv
AV-00923;A-00843;27.11.2020;Typ A;961,16;aktiv
AV-00924;A-02209;19.05.2023;Typ A;3.078,83;gekuendigt
AV-00925;A-01644;13.06.2023;Typ A;1.022,54;aktiv
AV-00926;A-00350;08.06.2017;Typ A;3.336,23;aktiv
AV-00927;A-01513;01.02.2020;Typ A;202,87;aktiv
AV-00928;A-01229;26.10.2022;Typ A;1.278,35;aktiv
AV-00929;A-00258;07.10.2019;Typ B;649,16;aktiv
AV-00930;A-00800;03.11.2024;Typ B;3.284,41;aktiv
AV-00931;A-00736;27.06.2021;typ a;1.106,05;gekuendigt
AV-00932;A-01088;09.01.2022;Typ A;751,85;aktiv
AV-00933;A-01645;13.10.2020;Typ A;253,15;aktiv
AV-00934;A-00391;15.01.2024;Typ A;4.231,97;aktiv
AV-00935;A-01971;02.09.2023;Typ A;228,92;aktiv
AV-00936;A-01054;10.12.2021;Typ A;3.805,41;aktiv
AV-00937;A-02494;16.06.2023;typ b;2.057,64;aktiv
AV-00938;A-00921;28.08.2022;Typ B;4.565,79;gekuendigt
AV-00939;A-01559;01.02.2024;Typ A;4.153,46;aktiv
AV-00940;A-01385;24.12.2020;Typ A;975,43;aktiv
AV-00941;A-02289;01.09.2020;Typ C;4.359,87;aktiv
AV-00942;A-00395;02.02.2015;Typ C;513,95;aktiv
AV-00943;A-00111;09.07.2024;Typ B;4.635,56;aktiv
AV-00944;A-00137;11.03.2016;Typ C;3.802,22;gekuendigt
AV-00945;A-00850;15.11.2021;Typ B;2.680,55;aktiv
AV-00946;A-00773;16.11.2022;Typ C;1.711,27;aktiv
AV-00947;A-00185;09.02.2018;Typ B;3.600,20;aktiv
AV-00948;A-00609;21.11.2018;Typ B;1.148,57;aktiv
AV-00949;A-01892;07.01.2022;Typ A;1.198,26;gekuendigt
AV-00950;A-01823;04.08.2018;Typ A;4.097,88;aktiv
AV-00951;A-00949;25.06.2023;Typ C;3.586,28;aktiv
AV-00952;A-00959;05.02.2023;Typ A;1.913,67;gekuendigt
AV-00953;A-00821;07.09.2024;typ b;1.061,57;aktiv
AV-00954;A-00534;10.11.2017;typ c;2.949,63;aktiv
AV-00955;A-02106;24.02.2022;Typ A;230,45;aktiv
AV-00956;A-02147;16.01.2019;Typ B;2.345,31;aktiv
AV-00957;A-00616;12.02.2023;Typ A;880,51;aktiv
AV-00958;A-02023;02.06.2023;Typ A;1.943,44;aktiv
AV-00959;A-00447;14.12.2021;typ a;1.068,83;aktiv
AV-00960;A-00973;20.09.2019;Typ B;2.252,79;aktiv
AV-00961;A-01705;04.04.2025;Typ A;407,72;aktiv
AV-00962;A-02345;03.04.2019;typ b;1.485,98;gekuendigt
AV-00963;A-00777;13.12.2026;Typ A;641,33;aktiv
AV-00964;A-01855;16.05.2026;Typ A;3.960,78;aktiv
AV-00965;A-01050;20.12.2019;Typ A;165,07;aktiv
AV-00966;A-01519;16.10.2026;typ b;4.284,94;aktiv
AV-00967;A-01621;22.06.2017;typ a;1.058,62;gekuendigt
AV-00968;A-01455;22.01.2017;Typ B;1.770,16;aktiv
AV-00969;A-01913;06.02.2019;Typ B;4.287,48;aktiv
AV-00970;A-00699;01.10.2022;Typ B;1.350,43;aktiv
AV-00971;A-01005;22.10.2015;Typ C;4.201,49;aktiv
AV-00972;A-01479;25.03.2017;Typ A;1.627,32;aktiv
AV-00973;A-01498;24.08.2022;Typ A;2.796,72;aktiv
AV-00974;A-01803;15.06.2019;Typ A;1.860,24;aktiv
AV-00975;A-02067;28.11.2023;Typ C;4.241,93;aktiv
AV-00976;A-01818;17.11.2019;Typ B;250,53;gekuendigt
AV-00977;A-01428;05.11.2018;Typ A;299,89;aktiv
AV-00978;A-02038;12.07.2026;Typ A;582,98;gekuendigt
AV-00979;A-01841;04.11.2021;Typ C;4.404,15;aktiv
AV-00980;A-02184;06.09.2022;Typ A;3.443,47;
AV-00981;A-00054;14.10.2021;typ c;1.489,80;aktiv
AV-00982;A-00429;23.09.2024;Typ A;3.119,98;aktiv
AV-00983;A-01647;26.10.2022;Typ B;1.548,78;gekuendigt
AV-00984;A-02206;05.11.2022;Typ B;878,60;gekuendigt
AV-00985;A-01257;22.09.2024;Typ A;2.511,10;aktiv
AV-00986;A-02365;15.01.2019;Typ A;1.522,63;aktiv
AV-00987;A-01111;10.08.2015;Typ A;1.858,44;gekuendigt
AV-00988;A-02205;05.05.2015;Typ A;1.523,84;gekuendigt
AV-00989;A-01069;05.09.2025;typ c;3.609,01;aktiv
AV-00990;A-00474;14.04.2026;Typ B;541,48;aktiv
AV-00991;A-00223;08.06.2022;Typ C;3.239,67;aktiv
AV-00992;A-00401;10.05.2016;typ b;990,51;aktiv
AV-00993;A-01665;05.10.2020;Typ B;1.117,61;aktiv
AV-00994;A-01684;10.04.2023;Typ A;1.592,07;gekuendigt
AV-00995;A-00128;06.09.2022;typ a;4.398,22;aktiv
AV-00996;A-00198;15.09.2017;Typ B;2.593,50;aktiv
AV-00997;A-02125;12.08.2020;Typ A;2.189,45;aktiv
AV-00998;A-01462;01.09.2015;Typ C;2.191,46;aktiv
AV-00999;A-02173;26.05.2024;Typ A;2.634,20;aktiv
AV-01000;A-01358;10.10.2023;Typ A;4.248,77;aktiv
AV-01001;A-02407;15.01.2025;Typ C;4.393,32;aktiv
AV-01002;A-01821;02.02.2015;typ a;4.932,94;aktiv
AV-01003;A-00785;27.02.2024;Typ A;2.485,12;aktiv
AV-01004;A-02496;24.02.2015;Typ B;2.627,48;aktiv
AV-01005;A-01589;17.04.2026;Typ A;3.741,06;aktiv
AV-01006;A-00149;21.11.2018;Typ C;1.609,33;aktiv
AV-01007;A-02380;20.08.2015;Typ B;706,34;aktiv
AV-01008;A-00174;17.02.2024;Typ A;1.140,82;aktiv
AV-01009;A-00937;13.08.2023;Typ A;740,79;aktiv
AV-01010;A-02290;27.04.2017;Typ C;1.412,32;aktiv
AV-01011;A-00114;20.11.2022;Typ A;859,29;aktiv
AV-01012;A-00745;22.12.2017;Typ A;2.630,85;aktiv
AV-01013;A-01871;16.08.2018;Typ A;3.387,55;gekuendigt
AV-01014;A-01424;22.06.2022;Typ A;2.021,23;aktiv
AV-01015;A-01354;27.07.2022;Typ A;285,66;aktiv
AV-01016;A-02334;01.07.2024;Typ B;315,31;aktiv
AV-01017;A-01152;15.10.2025;Typ A;4.549,23;gekuendigt
AV-01018;A-02350;15.12.2022;Typ A;4.911,51;aktiv
AV-01019;A-00672;12.04.2023;Typ C;2.696,52;aktiv
AV-01020;A-00865;05.11.2017;Typ A;3.638,16;aktiv
AV-01021;A-01611;09.03.2026;Typ B;3.343,45;gekuendigt
AV-01022;A-02028;16.11.2016;Typ A;2.438,00;aktiv
AV-01023;A-02431;17.12.2024;Typ B;2.698,35;aktiv
AV-01024;A-00457;19.10.2020;Typ A;3.144,75;aktiv
AV-01025;A-01438;28.01.2015;typ b;1.273,77;aktiv
AV-01026;A-01793;16.11.2022;Typ A;1.272,94;aktiv
AV-01027;A-02113;04.04.2026;Typ C;993,89;gekuendigt
AV-01028;A-01510;02.02.2021;Typ B;705,20;gekuendigt
AV-01029;A-01580;25.08.2016;Typ A;3.211,78;aktiv
AV-01030;A-02311;04.06.2017;Typ B;1.981,50;gekuendigt
AV-01031;A-00948;07.09.2024;Typ A;2.531,85;aktiv
AV-01032;A-01442;24.04.2018;Typ A;4.097,11;gekuendigt
AV-01033;A-01117;19.02.2018;Typ A;4.805,19;aktiv
AV-01034;A-00769;01.03.2015;typ a;2.128,93;aktiv
AV-01035;A-00725;06.06.2016;Typ B;4.795,06;aktiv
AV-01036;A-02007;07.08.2023;Typ C;2.916,29;aktiv
AV-01037;A-01476;20.06.2020;Typ C;4.289,09;gekuendigt
AV-01038;A-00646;21.07.2022;Typ A;493,71;aktiv
AV-01039;A-02481;04.05.2023;Typ A;1.268,28;aktiv
AV-01040;A-00000;08.01.2020;Typ C;1.556,00;gekuendigt
AV-01041;A-00079;12.12.2021;Typ A;4.376,65;gekuendigt
AV-01042;A-00860;19.09.2016;Typ A;2.661,13;aktiv
AV-01043;A-01627;20.07.2019;Typ A;3.532,96;aktiv
AV-01044;A-01292;21.05.2022;Typ A;1.789,52;aktiv
AV-01045;A-01435;05.01.2020;Typ A;4.111,30;aktiv
AV-01046;A-01407;08.01.2025;Typ B;4.057,46;aktiv
AV-01047;A-00247;27.12.2024;Typ B;321,51;gekuendigt
AV-01048;A-01338;24.10.2021;Typ B;540,88;aktiv
AV-01049;A-00935;24.05.2017;Typ A;322,66;aktiv
AV-01050;A-01047;14.06.2025;Typ B;3.940,48;gekuendigt
AV-01051;A-01319;02.01.2018;typ a;3.941,84;aktiv
AV-01052;A-00936;22.07.2024;Typ B;237,76;aktiv
AV-01053;A-02456;23.07.2021;Typ A;3.551,49;aktiv
AV-01054;A-01456;04.08.2016;Typ C;4.915,29;aktiv
AV-01055;A-01895;14.06.2018;Typ C;1.305,13;aktiv
AV-01056;A-00485;14.04.2015;typ b;4.458,43;aktiv
AV-01057;A-01576;26.01.2024;Typ A;3.641,16;gekuendigt
AV-01058;A-02339;05.01.2016;Typ A;1.520,59;aktiv
AV-01059;A-00459;08.11.2024;Typ C;779,12;aktiv
AV-01060;A-01386;22.02.2025;typ a;1.363,46;aktiv
AV-01061;A-01516;24.12.2022;typ c;4.503,55;gekuendigt
AV-01062;A-00584;10.12.2022;Typ C;3.934,01;aktiv
AV-01063;A-01832;17.04.2025;typ c;1.696,47;aktiv
AV-01064;A-01972;12.01.2016;Typ C;3.571,68;aktiv
AV-01065;A-00679;07.02.2019;Typ C;4.230,91;aktiv
AV-01066;A-02299;18.12.2019;typ a;1.956,09;gekuendigt
AV-01067;A-01190;08.01.2017;Typ B;3.302,05;aktiv
AV-01068;A-00337;16.01.2016;Typ C;1.460,95;aktiv
AV-01069;A-01041;02.02.2019;Typ A;3.107,28;aktiv
AV-01070;A-00977;15.07.2021;Typ A;1.147,79;aktiv
AV-01071;A-01060;02.09.2021;Typ B;301,83;aktiv
AV-01072;A-01755;25.10.2015;Typ C;4.625,09;gekuendigt
AV-01073;A-01815;25.04.2024;Typ A;3.670,06;aktiv
AV-01074;A-01834;24.12.2021;Typ B;4.065,87;aktiv
AV-01075;A-02041;10.11.2026;Typ C;4.699,18;aktiv
AV-01076;A-00808;19.12.2024;typ b;1.411,49;
AV-01077;A-00735;08.12.2022;Typ A;223,64;aktiv
AV-01078;A-01431;08.02.2019;Typ B;1.584,75;aktiv
AV-01079;A-01660;09.10.2015;Typ A;3.347,27;aktiv
AV-01080;A-00904;04.01.2024;typ a;3.354,77;gekuendigt
AV-01081;A-00200;15.08.2017;typ a;193,02;aktiv
AV-01082;A-02352;21.08.2020;Typ C;1.206,54;aktiv
AV-01083;A-01092;20.05.2016;Typ B;4.773,47;aktiv
AV-01084;A-02183;09.05.2019;typ c;767,03;aktiv
AV-01085;A-01632;21.10.2017;Typ A;705,07;aktiv
AV-01086;A-01105;28.09.2025;typ a;1.689,07;aktiv
AV-01087;A-01612;23.01.2018;Typ C;4.880,12;aktiv
AV-01088;A-00669;23.09.2020;Typ A;1.288,28;aktiv
AV-01089;A-02171;04.08.2023;Typ B;1.299,35;aktiv
AV-01090;A-00133;14.11.2020;typ a;2.218,41;aktiv
AV-01091;A-00099;20.06.2015;Typ B;1.774,68;aktiv
AV-01092;A-00920;16.06.2025;Typ C;1.576,21;aktiv
AV-01093;A-00859;10.01.2020;Typ C;4.572,58;aktiv
AV-01094;A-01142;26.04.2024;Typ A;3.621,47;aktiv
AV-01095;A-01019;12.12.2024;Typ C;1.987,37;aktiv
AV-01096;A-01004;05.12.2025;Typ A;4.989,43;aktiv
AV-01097;A-01911;19.04.2016;Typ B;2.936,03;aktiv
AV-01098;A-02010;24.09.2021;Typ A;4.410,63;aktiv
AV-01099;A-01387;22.08.2024;Typ B;2.288,93;aktiv
AV-01100;A-00797;08.05.2024;Typ A;4.025,18;
AV-01101;A-00369;11.08.2018;Typ B;709,77;aktiv
AV-01102;A-01904;12.07.2026;Typ A;2.868,22;aktiv
AV-01103;A-01762;16.11.2020;Typ B;2.327,49;aktiv
AV-01104;A-00869;18.03.2024;Typ A;4.559,94;aktiv
AV-01105;A-02440;20.03.2025;typ a;1.541,39;aktiv
AV-01106;A-01977;14.07.2016;Typ B;869,73;aktiv
AV-01107;A-02482;15.03.2018;typ a;735,83;aktiv
AV-01108;A-00273;16.12.2023;Typ B;763,03;aktiv
AV-01109;A-00236;23.01.2021;Typ A;504,12;aktiv
AV-01110;A-00340;14.07.2023;Typ A;2.101,24;
AV-01111;A-00881;04.05.2026;Typ A;4.149,87;aktiv
AV-01112;A-00996;04.10.2024;Typ C;369,40;aktiv
AV-01113;A-00809;14.08.2020;Typ B;3.742,38;aktiv
AV-01114;A-00573;05.12.2022;Typ B;3.659,98;aktiv
AV-01115;A-01530;05.02.2023;typ c;3.028,73;aktiv
AV-01116;A-00839;13.08.2025;typ a;1.007,10;aktiv
AV-01117;A-02189;08.02.2019;Typ A;1.804,42;aktiv
AV-01118;A-02057;17.10.2023;Typ C;2.219,44;aktiv
AV-01119;A-02085;05.03.2020;typ a;4.733,51;gekuendigt
AV-01120;A-01275;14.04.2026;Typ B;2.939,42;aktiv
AV-01121;A-00787;10.06.2016;Typ A;1.546,04;aktiv
AV-01122;A-01767;10.03.2018;Typ C;1.408,23;aktiv
AV-01123;A-00567;22.04.2016;Typ A;615,48;aktiv
AV-01124;A-00914;01.03.2023;typ b;342,76;gekuendigt
AV-01125;A-01983;01.04.2023;Typ B;4.138,63;aktiv
AV-01126;A-02155;14.10.2019;typ b;2.676,34;gekuendigt
AV-01127;A-02014;23.02.2019;Typ B;4.247,01;aktiv
AV-01128;A-00286;09.08.2021;Typ A;813,57;aktiv
AV-01129;A-01233;12.02.2025;Typ C;3.759,75;aktiv
AV-01130;A-01835;06.06.2016;Typ B;1.489,12;aktiv
AV-01131;A-00200;25.11.2023;Typ A;3.486,50;gekuendigt
AV-01132;A-01447;04.07.2015;Typ C;4.001,86;aktiv
AV-01133;A-02390;27.11.2023;Typ C;322,84;aktiv
AV-01134;A-00666;05.04.2015;Typ B;4.379,76;aktiv
AV-01135;A-00762;16.05.2018;Typ A;4.097,26;aktiv
AV-01136;A-01467;07.03.2019;Typ B;580,25;aktiv
AV-01137;A-01207;07.12.2026;Typ A;476,22;aktiv
AV-01138;A-00354;06.12.2018;Typ A;3.486,71;aktiv
AV-01139;A-00209;08.10.2025;Typ B;2.498,53;aktiv
AV-01140;A-00109;27.05.2017;Typ A;1.566,76;aktiv
AV-01141;A-01511;20.07.2025;Typ A;2.482,65;aktiv
AV-01142;A-02282;14.05.2016;Typ C;1.728,18;aktiv
AV-01143;A-00627;15.03.2016;Typ C;3.353,97;aktiv
AV-01144;A-02262;05.12.2021;Typ B;2.496,13;gekuendigt
AV-01145;A-00478;14.10.2022;Typ B;290,47;aktiv
AV-01146;A-00540;02.07.2018;Typ B;1.717,48;aktiv
AV-01147;A-01752;26.07.2021;Typ A;2.083,60;gekuendigt
AV-01148;A-01768;24.08.2019;Typ A;3.235,89;aktiv
AV-01149;A-01226;08.07.2022;Typ B;957,70;aktiv
AV-01150;A-01928;20.02.2025;Typ B;776,69;aktiv
AV-01151;A-02161;26.01.2026;Typ A;3.935,10;aktiv
AV-01152;A-01035;03.09.2020;Typ B;2.665,45;aktiv
AV-01153;A-00229;27.03.2018;Typ B;4.319,66;aktiv
AV-01154;A-02242;11.06.2017;Typ A;2.831,81;aktiv
AV-01155;A-02361;28.01.2015;Typ A;4.710,72;aktiv
AV-01156;A-02196;02.08.2021;Typ A;1.612,11;aktiv
AV-01157;A-00484;02.04.2026;Typ A;749,67;aktiv
AV-01158;A-02441;05.07.2025;Typ C;4.401,61;gekuendigt
AV-01159;A-00999;17.02.2016;typ b;3.847,57;aktiv
AV-01160;A-02192;27.12.2015;Typ B;4.607,03;aktiv
AV-01161;A-01830;07.07.2024;Typ C;4.317,62;aktiv
AV-01162;A-02450;24.09.2021;Typ A;1.479,14;aktiv
AV-01163;A-00085;19.11.2019;Typ B;1.562,51;aktiv
AV-01164;A-00329;09.09.2021;Typ B;4.552,18;aktiv
AV-01165;A-02033;01.07.2018;typ c;3.678,65;gekuendigt
AV-01166;A-00855;04.12.2023;Typ B;2.952,72;aktiv
AV-01167;A-02249;12.08.2018;Typ B;678,40;aktiv
AV-01168;A-01630;03.11.2017;Typ A;970,89;gekuendigt
AV-01169;A-01103;08.10.2022;Typ A;2.105,50;gekuendigt
AV-01170;A-00555;27.12.2023;Typ B;1.277,28;aktiv
AV-01171;A-00409;10.07.2019;typ b;4.196,47;aktiv
AV-01172;A-00404;20.10.2026;Typ A;177,02;aktiv
AV-01173;A-01045;18.08.2023;Typ B;4.803,46;aktiv
AV-01174;A-00220;16.12.2022;Typ B;4.314,47;gekuendigt
AV-01175;A-00238;14.02.2016;Typ B;1.972,08;aktiv
AV-01176;A-01820;24.09.2017;Typ A;1.107,23;gekuendigt
AV-01177;A-01361;14.01.2016;Typ B;3.186,90;aktiv
AV-01178;A-01443;28.12.2017;Typ B;2.087,12;aktiv
AV-01179;A-02322;24.05.2021;Typ C;3.431,91;aktiv
AV-01180;A-01404;19.06.2024;Typ B;836,36;aktiv
AV-01181;A-02395;23.10.2018;Typ A;3.081,91;aktiv
AV-01182;A-00569;24.06.2018;Typ B;4.284,12;aktiv
AV-01183;A-01717;27.12.2023;Typ B;1.690,79;aktiv
AV-01184;A-01592;01.02.2022;Typ A;1.060,22;aktiv
AV-01185;A-01366;11.08.2023;Typ A;3.181,12;aktiv
AV-01186;A-02203;21.06.2016;Typ B;1.246,24;aktiv
AV-01187;A-00024;10.05.2018;Typ C;4.360,25;
AV-01188;A-01750;20.06.2019;Typ B;4.681,39;aktiv
AV-01189;A-00317;07.11.2025;Typ A;889,25;aktiv
AV-01190;A-01495;09.03.2019;Typ B;764,51;aktiv
AV-01191;A-00531;11.07.2025;Typ B;4.288,99;aktiv
AV-01192;A-01767;22.10.2026;typ c;1.165,14;aktiv
AV-01193;A-01761;03.04.2018;Typ C;3.132,38;aktiv
AV-01194;A-00798;11.01.2022;Typ A;4.853,73;aktiv
AV-01195;A-00926;22.07.2022;Typ B;1.617,41;aktiv
AV-01196;A-01545;13.09.2018;Typ A;2.019,82;aktiv
AV-01197;A-02302;11.09.2019;Typ B;4.433,94;gekuendigt
AV-01198;A-01495;27.11.2017;Typ A;842,99;aktiv
AV-01199;A-01922;23.08.2022;Typ B;3.474,03;aktiv
AV-01200;A-01432;12.11.2021;Typ A;4.350,77;gekuendigt
AV-01201;A-01954;24.06.2025;Typ A;3.142,32;gekuendigt
AV-01202;A-00105;12.07.2018;typ a;3.776,00;aktiv
AV-01203;A-01126;17.06.2022;Typ A;2.993,01;aktiv
AV-01204;A-00538;17.05.2020;Typ C;3.092,86;aktiv
AV-01205;A-01955;16.11.2019;Typ A;4.979,33;aktiv
AV-01206;A-01579;02.11.2019;Typ C;4.143,13;gekuendigt
AV-01207;A-00776;21.10.2022;Typ B;992,79;aktiv
AV-01208;A-00255;26.09.2025;Typ A;1.942,24;aktiv
AV-01209;A-00346;23.03.2026;Typ B;4.373,93;aktiv
AV-01210;A-01059;02.02.2021;Typ A;3.596,37;aktiv
AV-01211;A-02097;28.05.2023;Typ A;3.127,92;aktiv
AV-01212;A-01900;23.06.2025;typ a;4.933,41;aktiv
AV-01213;A-02446;01.09.2020;typ c;2.105,39;gekuendigt
AV-01214;A-00270;03.01.2025;Typ A;3.842,27;aktiv
AV-01215;A-00463;06.02.2019;Typ A;1.486,30;aktiv
AV-01216;A-00473;06.07.2023;Typ B;4.234,30;gekuendigt
AV-01217;A-02012;18.05.2019;Typ A;1.806,04;aktiv
AV-01218;A-01312;19.02.2026;typ c;577,59;gekuendigt
AV-01219;A-01757;03.12.2017;Typ A;3.017,07;gekuendigt
AV-01220;A-01421;07.01.2017;Typ B;2.382,69;gekuendigt
AV-01221;A-02061;27.05.2018;Typ B;4.721,89;gekuendigt
AV-01222;A-01022;05.12.2026;Typ A;1.989,66;aktiv
AV-01223;A-02148;19.03.2019;Typ A;1.245,91;aktiv
AV-01224;A-00278;10.03.2018;Typ A;2.282,05;aktiv
AV-01225;A-02143;12.10.2020;Typ A;3.262,86;aktiv
AV-01226;A-02338;27.11.2025;Typ A;4.755,88;aktiv
AV-01227;A-01652;19.09.2017;Typ A;3.555,61;aktiv
AV-01228;A-01273;07.05.2025;Typ A;4.847,18;aktiv
AV-01229;A-01096;03.05.2026;Typ B;1.172,00;aktiv
AV-01230;A-00950;04.01.2019;Typ B;3.210,90;aktiv
AV-01231;A-00612;11.10.2022;Typ A;1.982,86;aktiv
AV-01232;A-00630;23.06.2015;Typ A;1.890,59;gekuendigt
AV-01233;A-00099;16.07.2017;Typ A;3.292,22;aktiv
AV-01234;A-00140;06.05.2020;Typ B;1.052,88;aktiv
AV-01235;A-01982;19.08.2024;Typ B;2.259,60;aktiv
AV-01236;A-00648;24.05.2018;Typ A;1.788,71;aktiv
AV-01237;A-01254;08.01.2019;Typ B;4.519,20;aktiv
AV-01238;A-01056;25.07.2021;Typ A;2.950,82;aktiv
AV-01239;A-01916;06.09.2017;typ c;4.449,99;gekuendigt
AV-01240;A-00214;19.04.2023;Typ B;779,97;aktiv
AV-01241;A-00266;10.02.2015;Typ B;836,09;aktiv
AV-01242;A-00665;15.03.2021;Typ A;865,33;gekuendigt
AV-01243;A-01493;03.05.2019;Typ A;4.310,15;aktiv
AV-01244;A-01683;05.04.2026;Typ B;4.251,49;aktiv
AV-01245;A-00520;12.03.2022;Typ A;2.816,67;aktiv
AV-01246;A-00010;22.08.2018;Typ A;2.397,90;aktiv
AV-01247;A-00042;05.07.2016;Typ A;4.686,02;aktiv
AV-01248;A-00389;27.05.2020;Typ B;4.382,52;aktiv
AV-01249;A-01118;12.02.2023;Typ B;3.741,08;aktiv
AV-01250;A-00686;06.10.2018;Typ B;1.940,29;aktiv
AV-01251;A-00034;20.10.2015;Typ B;4.585,74;aktiv
AV-01252;A-00788;07.08.2017;Typ A;1.614,40;aktiv
AV-01253;A-02119;06.11.2021;Typ A;1.532,08;aktiv
AV-01254;A-01123;09.01.2022;Typ C;2.195,42;aktiv
AV-01255;A-02144;27.09.2025;Typ A;4.060,21;aktiv
AV-01256;A-01329;21.02.2026;Typ C;4.047,22;aktiv
AV-01257;A-00804;19.03.2020;Typ B;3.478,55;aktiv
AV-01258;A-02303;13.11.2025;typ a;414,38;aktiv
AV-01259;A-00898;04.11.2026;Typ B;4.041,73;aktiv
AV-01260;A-01529;23.08.2020;Typ A;2.744,87;aktiv
AV-01261;A-00899;18.07.2017;Typ B;4.371,02;aktiv
AV-01262;A-00906;23.06.2015;Typ B;1.108,42;gekuendigt
AV-01263;A-01309;14.08.2026;Typ A;1.516,31;aktiv
AV-01264;A-00267;12.08.2022;Typ A;3.056,74;aktiv
AV-01265;A-02260;22.06.2021;Typ A;4.122,97;aktiv
AV-01266;A-01022;12.05.2017;Typ A;2.316,84;aktiv
AV-01267;A-00326;04.10.2015;Typ A;327,57;aktiv
AV-01268;A-01228;03.03.2018;typ b;761,36;aktiv
AV-01269;A-02369;09.07.2022;Typ A;2.371,45;aktiv
AV-01270;A-00434;19.09.2026;Typ B;521,20;aktiv
AV-01271;A-00576;24.10.2017;Typ B;4.427,88;
AV-01272;A-00943;11.02.2026;Typ C;3.783,94;aktiv
AV-01273;A-00011;24.03.2015;Typ A;3.316,54;gekuendigt
AV-01274;A-01520;26.02.2021;Typ A;1.415,73;aktiv
AV-01275;A-00667;28.09.2023;Typ B;3.517,15;aktiv
AV-01276;A-00360;07.08.2024;Typ B;2.269,19;aktiv
AV-01277;A-00707;17.05.2017;Typ B;3.082,42;gekuendigt
AV-01278;A-01017;09.05.2025;Typ A;1.154,61;aktiv
AV-01279;A-02137;09.03.2025;Typ A;3.055,54;gekuendigt
AV-01280;A-00367;08.02.2020;Typ A;3.588,69;aktiv
AV-01281;A-02460;24.05.2024;Typ B;4.160,83;
AV-01282;A-00299;11.10.2025;Typ B;2.456,67;aktiv
AV-01283;A-02411;11.06.2020;Typ A;2.305,26;aktiv
AV-01284;A-01212;07.08.2026;typ b;974,57;aktiv
AV-01285;A-02499;22.01.2021;Typ C;4.843,46;aktiv
AV-01286;A-00727;03.06.2023;Typ A;4.926,61;aktiv
AV-01287;A-00410;15.06.2019;typ b;293,39;aktiv
AV-01288;A-02024;12.10.2017;Typ B;2.164,66;aktiv
AV-01289;A-00312;24.09.2019;Typ B;1.288,39;gekuendigt
AV-01290;A-00115;20.07.2017;Typ C;748,95;aktiv
AV-01291;A-00862;19.02.2018;Typ A;4.344,73;aktiv
AV-01292;A-01422;18.07.2026;Typ A;3.793,71;aktiv
AV-01293;A-02142;11.05.2024;Typ B;3.206,84;
AV-01294;A-02127;25.11.2025;Typ B;2.586,18;aktiv
AV-01295;A-02189;16.07.2018;Typ B;1.538,47;gekuendigt
AV-01296;A-01051;13.03.2017;Typ A;2.733,43;aktiv
AV-01297;A-00397;06.11.2022;Typ B;626,87;aktiv
AV-01298;A-00983;14.07.2021;typ a;290,85;aktiv
AV-01299;A-00150;17.10.2024;Typ C;3.057,91;aktiv
AV-01300;A-01326;20.06.2015;Typ A;2.911,13;aktiv
AV-01301;A-01234;01.06.2016;Typ B;4.435,04;aktiv
AV-01302;A-01245;28.09.2023;Typ A;4.579,05;aktiv
AV-01303;A-01353;06.04.2026;Typ B;3.607,04;aktiv
AV-01304;A-02121;03.05.2017;Typ C;1.153,99;aktiv
AV-01305;A-00978;20.11.2018;Typ A;1.323,14;aktiv
AV-01306;A-00245;21.09.2022;Typ A;3.079,43;aktiv
AV-01307;A-00965;15.04.2017;Typ B;488,74;aktiv
AV-01308;A-00619;14.11.2025;Typ C;4.978,34;gekuendigt
AV-01309;A-01248;09.07.2016;typ c;2.756,11;aktiv
AV-01310;A-00550;18.11.2024;Typ B;2.276,83;gekuendigt
AV-01311;A-00786;26.05.2015;Typ A;4.138,23;aktiv
AV-01312;A-01568;23.07.2020;Typ C;3.201,95;aktiv
AV-01313;A-00879;05.02.2016;Typ C;3.826,01;aktiv
AV-01314;A-01851;06.12.2016;Typ A;3.334,20;aktiv
AV-01315;A-02304;07.08.2018;Typ A;1.750,62;aktiv
AV-01316;A-00752;16.12.2022;Typ B;3.821,36;aktiv
AV-01317;A-02165;11.08.2026;Typ B;3.542,87;aktiv
AV-01318;A-02345;25.01.2024;Typ A;2.680,63;
AV-01319;A-01817;12.10.2020;typ b;1.637,31;aktiv
AV-01320;A-00372;10.11.2024;typ b;2.283,33;aktiv
AV-01321;A-01187;05.12.2026;Typ A;1.567,81;aktiv
AV-01322;A-01745;01.04.2025;Typ C;2.978,67;aktiv
AV-01323;A-00264;12.05.2015;Typ B;3.765,47;gekuendigt
AV-01324;A-01959;20.08.2021;typ c;4.866,16;aktiv
AV-01325;A-00204;11.09.2024;Typ B;1.983,20;gekuendigt
AV-01326;A-00618;28.03.2025;Typ B;1.000,63;gekuendigt
AV-01327;A-02140;03.11.2015;Typ A;1.650,15;aktiv
AV-01328;A-01186;25.10.2019;Typ B;730,02;aktiv
AV-01329;A-02066;19.08.2022;Typ C;4.545,56;gekuendigt
AV-01330;A-02250;24.04.2023;Typ A;3.371,58;aktiv
AV-01331;A-01066;17.06.2016;Typ A;2.833,43;aktiv
AV-01332;A-02217;28.09.2026;Typ A;4.019,90;aktiv
AV-01333;A-00990;08.04.2023;typ a;3.736,26;aktiv
AV-01334;A-01711;08.04.2025;Typ B;2.361,92;aktiv
AV-01335;A-01124;18.05.2024;Typ A;3.754,09;aktiv
AV-01336;A-02093;17.03.2016;Typ A;1.157,50;aktiv
AV-01337;A-00729;15.08.2024;Typ A;4.425,96;aktiv
AV-01338;A-00388;07.02.2025;Typ B;2.293,21;aktiv
AV-01339;A-01812;19.09.2016;Typ A;2.513,07;aktiv
AV-01340;A-02170;28.07.2024;Typ C;3.641,91;aktiv
AV-01341;A-00078;19.04.2025;Typ C;3.129,90;aktiv
AV-01342;A-02462;25.05.2015;Typ A;1.463,10;aktiv
AV-01343;A-02115;16.09.2020;Typ B;4.764,46;
AV-01344;A-01661;11.04.2023;Typ A;2.872,13;aktiv
AV-01345;A-00547;25.02.2022;typ c;2.514,77;aktiv
AV-01346;A-00625;16.08.2023;Typ A;467,96;aktiv
AV-01347;A-01044;28.02.2019;Typ A;3.243,73;aktiv
AV-01348;A-02135;25.04.2017;Typ A;1.274,24;aktiv
AV-01349;A-01714;25.06.2019;Typ B;649,15;aktiv
AV-01350;A-02476;19.04.2024;Typ B;1.720,26;aktiv
AV-01351;A-01623;28.03.2021;Typ A;3.363,57;aktiv
AV-01352;A-00845;21.08.2023;Typ B;2.172,01;aktiv
AV-01353;A-01282;16.05.2018;Typ C;4.197,03;aktiv
AV-01354;A-00121;24.06.2019;Typ A;3.764,29;aktiv
AV-01355;A-00496;13.10.2021;Typ B;177,51;gekuendigt
AV-01356;A-01087;12.07.2015;Typ B;828,66;aktiv
AV-01357;A-00311;27.01.2019;Typ B;1.161,75;aktiv
AV-01358;A-02047;01.06.2019;Typ A;3.985,96;aktiv
AV-01359;A-01433;07.12.2023;Typ B;3.145,15;aktiv
AV-01360;A-01474;03.02.2019;Typ A;1.728,59;aktiv
AV-01361;A-01403;16.10.2026;Typ C;4.741,53;aktiv
AV-01362;A-01775;23.12.2021;Typ B;1.508,69;aktiv
AV-01363;A-00582;04.01.2021;Typ A;1.812,06;aktiv
AV-01364;A-00692;04.05.2022;Typ B;4.422,12;aktiv
AV-01365;A-01365;27.07.2026;Typ A;879,53;aktiv
AV-01366;A-00581;03.09.2018;Typ A;1.740,03;aktiv
AV-01367;A-00714;18.05.2025;Typ B;1.563,38;
AV-01368;A-00135;23.12.2016;Typ B;4.792,42;aktiv
AV-01369;A-01002;07.12.2022;Typ A;2.421,38;aktiv
AV-01370;A-02321;22.04.2020;Typ C;1.406,28;aktiv
AV-01371;A-00631;04.03.2015;Typ B;2.222,56;gekuendigt
AV-01372;A-00594;02.09.2015;Typ C;2.634,47;aktiv
AV-01373;A-01581;17.01.2021;Typ C;1.736,29;aktiv
AV-01374;A-01499;11.10.2019;typ b;3.712,00;aktiv
AV-01375;A-01468;18.02.2023;Typ A;2.640,48;gekuendigt
AV-01376;A-01191;20.08.2024;Typ B;1.075,80;aktiv
AV-01377;A-00790;27.07.2025;Typ A;2.338,75;
AV-01378;A-01884;21.03.2026;Typ A;1.031,12;aktiv
AV-01379;A-01075;25.09.2022;Typ B;4.128,01;aktiv
AV-01380;A-00020;19.07.2015;Typ A;3.174,90;aktiv
AV-01381;A-00214;11.04.2015;Typ A;1.405,44;aktiv
AV-01382;A-01247;18.06.2025;Typ B;3.377,20;aktiv
AV-01383;A-01641;23.06.2024;typ c;890,13;aktiv
AV-01384;A-01334;06.05.2018;Typ A;2.737,10;gekuendigt
AV-01385;A-01097;18.03.2015;Typ A;485,94;gekuendigt
AV-01386;A-02041;07.11.2018;Typ A;941,95;gekuendigt
AV-01387;A-00970;25.04.2018;typ a;815,96;gekuendigt
AV-01388;A-02158;27.02.2022;Typ C;273,31;gekuendigt
AV-01389;A-01465;13.04.2026;Typ A;2.276,95;aktiv
AV-01390;A-00955;27.10.2021;Typ A;4.850,83;aktiv
AV-01391;A-00741;17.12.2024;Typ A;3.819,54;aktiv
AV-01392;A-00793;20.12.2022;Typ A;4.977,48;aktiv
AV-01393;A-01633;26.02.2018;Typ B;2.468,20;aktiv
AV-01394;A-02045;01.01.2022;Typ A;2.187,07;gekuendigt
AV-01395;A-02021;12.06.2016;Typ C;4.207,19;aktiv
AV-01396;A-02315;08.05.2025;Typ C;559,59;aktiv
AV-01397;A-01296;01.08.2021;Typ C;1.482,37;aktiv
AV-01398;A-00526;05.01.2020;Typ C;1.010,19;aktiv
AV-01399;A-00462;05.03.2023;Typ B;3.847,10;aktiv
AV-01400;A-00022;22.12.2018;Typ A;3.145,14;gekuendigt
AV-01401;A-01285;06.03.2021;Typ C;4.831,71;aktiv
AV-01402;A-01639;12.03.2025;Typ C;680,55;aktiv
AV-01403;A-01480;10.04.2022;Typ A;1.959,94;gekuendigt
AV-01404;A-02306;01.06.2024;Typ B;1.758,17;gekuendigt
AV-01405;A-00986;28.12.2015;typ a;2.127,12;aktiv
AV-01406;A-00024;17.12.2024;Typ A;635,56;aktiv
AV-01407;A-01463;14.02.2018;Typ C;695,19;aktiv
AV-01408;A-01561;15.09.2021;Typ A;3.075,86;aktiv
AV-01409;A-01078;16.08.2019;Typ C;1.395,78;aktiv
AV-01410;A-01746;20.06.2023;Typ B;617,53;aktiv
AV-01411;A-01390;05.04.2024;Typ A;779,57;gekuendigt
AV-01412;A-02054;03.11.2018;Typ B;3.628,75;
AV-01413;A-01905;08.02.2024;Typ A;1.045,44;aktiv
AV-01414;A-01646;15.12.2020;Typ B;2.671,60;aktiv
AV-01415;A-01783;11.03.2019;Typ A;3.356,83;aktiv
AV-01416;A-02415;26.12.2015;Typ A;382,89;aktiv
AV-01417;A-00456;05.01.2017;Typ B;4.201,59;aktiv
AV-01418;A-00443;01.06.2021;typ b;2.496,65;aktiv
AV-01419;A-01581;13.10.2025;Typ B;1.191,96;aktiv
AV-01420;A-01782;04.08.2023;Typ B;3.328,98;aktiv
AV-01421;A-01732;06.06.2020;Typ A;4.063,89;aktiv
AV-01422;A-00811;22.08.2023;typ a;4.302,64;aktiv
AV-01423;A-02331;26.02.2019;Typ A;3.265,12;gekuendigt
AV-01424;A-02187;08.02.2017;Typ C;4.175,88;aktiv
AV-01425;A-00193;05.05.2026;typ c;1.639,10;aktiv
AV-01426;A-01846;06.09.2016;Typ A;4.715,06;gekuendigt
AV-01427;A-00546;27.03.2018;Typ B;3.913,17;aktiv
AV-01428;A-00334;17.06.2026;Typ B;886,09;gekuendigt
AV-01429;A-00732;26.01.2023;Typ B;2.766,37;aktiv
AV-01430;A-00743;12.03.2023;Typ A;3.449,92;aktiv
AV-01431;A-01167;27.04.2024;Typ C;3.623,02;aktiv
AV-01432;A-01898;28.07.2024;Typ A;387,22;gekuendigt
AV-01433;A-00986;13.05.2021;Typ C;4.864,24;gekuendigt
AV-01434;A-01844;05.06.2022;Typ B;1.604,97;aktiv
AV-01435;A-02043;22.09.2026;Typ A;4.626,80;aktiv
AV-01436;A-01765;25.01.2016;Typ A;847,39;gekuendigt
AV-01437;A-02019;26.07.2018;Typ A;2.182,20;aktiv
AV-01438;A-01563;03.06.2018;Typ A;4.752,89;aktiv
AV-01439;A-00502;24.02.2021;Typ B;4.730,05;aktiv
AV-01440;A-00071;22.03.2022;Typ A;1.738,23;aktiv
AV-01441;A-01462;17.05.2023;Typ A;3.198,45;aktiv
AV-01442;A-00257;10.08.2025;Typ C;2.775,11;aktiv
AV-01443;A-01356;25.02.2017;Typ C;1.805,68;aktiv
AV-01444;A-00832;27.07.2015;Typ C;697,26;aktiv
AV-01445;A-01060;23.03.2024;Typ B;4.003,11;aktiv
AV-01446;A-00967;04.09.2018;Typ A;3.699,03;gekuendigt
AV-01447;A-00778;28.04.2020;Typ C;2.548,48;aktiv
AV-01448;A-02399;02.07.2021;typ b;4.346,06;aktiv
AV-01449;A-02463;09.12.2026;Typ C;3.255,29;aktiv
AV-01450;A-01897;12.05.2025;Typ A;640,49;gekuendigt
AV-01451;A-01724;16.10.2018;Typ A;2.253,77;aktiv
AV-01452;A-02059;18.08.2026;Typ B;2.893,26;aktiv
AV-01453;A-00951;02.07.2025;Typ B;3.013,16;aktiv
AV-01454;A-00074;04.10.2016;Typ A;3.855,55;
AV-01455;A-02016;20.12.2025;Typ A;2.059,66;aktiv
AV-01456;A-00123;26.11.2020;Typ A;2.384,60;gekuendigt
AV-01457;A-02382;27.07.2015;Typ C;3.760,27;aktiv
AV-01458;A-02251;19.04.2015;Typ A;3.208,03;aktiv
AV-01459;A-01968;26.07.2019;Typ A;2.364,62;gekuendigt
AV-01460;A-00068;12.11.2020;typ a;4.833,10;aktiv
AV-01461;A-01209;15.06.2015;Typ B;3.228,82;aktiv
AV-01462;A-02329;18.04.2017;typ b;2.804,30;aktiv
AV-01463;A-00281;25.06.2021;Typ C;4.246,89;gekuendigt
AV-01464;A-00844;20.06.2020;Typ B;4.055,01;gekuendigt
AV-01465;A-01065;04.05.2020;Typ C;588,60;aktiv
AV-01466;A-01517;21.08.2024;typ a;2.006,08;aktiv
AV-01467;A-00662;12.08.2026;Typ A;2.273,18;aktiv
AV-01468;A-00141;11.03.2017;Typ A;1.070,48;aktiv
AV-01469;A-00327;21.12.2023;Typ B;3.820,34;aktiv
AV-01470;A-01082;23.10.2021;Typ A;602,81;aktiv
AV-01471;A-01927;28.07.2025;Typ A;3.622,06;aktiv
AV-01472;A-01886;13.03.2021;Typ A;4.786,96;gekuendigt
AV-01473;A-01084;19.10.2019;Typ C;1.720,61;aktiv
AV-01474;A-02006;18.04.2015;Typ A;4.964,48;aktiv
AV-01475;A-00850;08.12.2018;Typ A;1.245,29;aktiv
AV-01476;A-02156;01.03.2018;Typ A;4.828,26;gekuendigt
AV-01477;A-00922;14.08.2022;Typ B;4.992,11;aktiv
AV-01478;A-00383;19.09.2017;Typ A;2.940,97;gekuendigt
AV-01479;A-00190;09.12.2021;Typ B;4.912,29;gekuendigt
AV-01480;A-02072;12.07.2019;Typ A;4.638,70;aktiv
AV-01481;A-01291;03.06.2023;Typ C;802,29;gekuendigt
AV-01482;A-00870;26.04.2026;Typ B;774,51;gekuendigt
AV-01483;A-00568;16.12.2023;Typ B;658,32;gekuendigt
AV-01484;A-00680;12.12.2018;Typ B;3.278,08;aktiv
AV-01485;A-00924;09.08.2018;Typ B;408,03;aktiv
AV-01486;A-00639;14.10.2022;Typ A;4.979,57;aktiv
AV-01487;A-00279;21.09.2022;Typ A;1.835,88;gekuendigt
AV-01488;A-00472;22.02.2017;Typ A;4.780,46;aktiv
AV-01489;A-00206;01.12.2019;Typ B;2.530,43;aktiv
AV-01490;A-01468;07.07.2017;typ b;1.652,65;aktiv
AV-01491;A-01490;08.06.2019;Typ B;4.398,45;gekuendigt
AV-01492;A-01025;22.09.2017;Typ B;4.334,26;gekuendigt
AV-01493;A-00590;25.12.2015;Typ A;730,46;gekuendigt
AV-01494;A-02157;17.02.2024;Typ A;931,86;aktiv
AV-01495;A-02389;27.03.2024;typ a;3.299,62;aktiv
AV-01496;A-00719;03.06.2016;Typ A;2.107,24;aktiv
AV-01497;A-02241;26.07.2025;Typ A;3.527,61;aktiv
AV-01498;A-02089;04.03.2020;Typ A;1.010,44;aktiv
AV-01499;A-01682;03.08.2019;Typ A;2.096,92;aktiv
AV-01500;A-00988;03.11.2025;Typ A;3.796,30;aktiv
AV-01501;A-00107;02.10.2015;Typ C;436,86;aktiv
AV-01502;A-02498;17.01.2017;typ a;1.735,27;aktiv
AV-01503;A-01478;12.10.2024;Typ C;4.785,20;aktiv
AV-01504;A-01751;06.08.2024;Typ B;4.882,51;aktiv
AV-01505;A-01883;20.03.2025;Typ A;1.008,10;aktiv
AV-01506;A-00084;05.09.2017;Typ C;2.308,77;aktiv
AV-01507;A-00842;26.02.2023;Typ C;4.684,91;aktiv
AV-01508;A-01861;19.03.2025;Typ B;4.516,12;aktiv
AV-01509;A-01461;20.03.2024;Typ C;4.698,42;gekuendigt
AV-01510;A-02236;26.07.2023;Typ A;714,45;aktiv
AV-01511;A-02295;12.04.2020;Typ A;4.807,88;aktiv
AV-01512;A-00300;12.01.2021;Typ A;4.914,38;aktiv
AV-01513;A-00844;25.12.2025;Typ C;629,08;aktiv
AV-01514;A-00580;11.11.2025;Typ C;2.880,53;aktiv
AV-01515;A-00350;25.07.2023;Typ B;1.124,52;aktiv
AV-01516;A-00082;10.04.2022;Typ C;2.217,65;aktiv
AV-01517;A-00984;01.08.2016;Typ B;1.709,35;aktiv
AV-01518;A-01298;16.05.2021;Typ C;3.888,09;aktiv
AV-01519;A-01216;17.01.2026;Typ C;1.062,18;aktiv
AV-01520;A-01011;19.12.2024;Typ B;3.258,52;aktiv
AV-01521;A-01400;02.01.2023;Typ C;2.016,77;
AV-01522;A-02025;27.01.2023;Typ C;4.387,47;aktiv
AV-01523;A-02341;17.03.2023;typ a;3.541,04;gekuendigt
AV-01524;A-02362;06.08.2016;Typ C;3.605,19;aktiv
AV-01525;A-01671;07.08.2018;Typ B;3.123,13;aktiv
AV-01526;A-01660;23.04.2021;typ a;1.558,64;gekuendigt
AV-01527;A-02396;06.06.2025;Typ C;4.158,88;aktiv
AV-01528;A-02020;05.01.2021;Typ A;1.343,94;aktiv
AV-01529;A-01196;19.11.2021;Typ B;4.525,13;aktiv
AV-01530;A-00220;09.12.2025;Typ A;199,60;gekuendigt
AV-01531;A-01976;27.05.2021;typ c;4.111,11;aktiv
AV-01532;A-01242;21.01.2024;Typ B;352,73;aktiv
AV-01533;A-01253;23.11.2017;Typ A;3.242,35;aktiv
AV-01534;A-01204;06.02.2022;Typ B;961,73;aktiv
AV-01535;A-00309;23.12.2025;Typ A;2.750,86;aktiv
AV-01536;A-02174;04.05.2024;Typ B;2.065,30;gekuendigt
AV-01537;A-00863;18.02.2018;Typ C;1.123,82;aktiv
AV-01538;A-00236;16.08.2015;Typ A;1.258,93;gekuendigt
AV-01539;A-01799;25.02.2017;Typ B;476,89;aktiv
AV-01540;A-01989;24.08.2020;Typ A;3.045,46;aktiv
AV-01541;A-01252;25.04.2023;Typ A;1.691,92;aktiv
AV-01542;A-01333;28.06.2017;Typ C;4.620,92;aktiv
AV-01543;A-01944;02.11.2018;Typ A;892,52;aktiv
AV-01544;A-00032;06.04.2016;Typ B;1.779,06;aktiv
AV-01545;A-00953;03.08.2015;Typ C;3.068,05;aktiv
AV-01546;A-01095;18.03.2017;Typ C;425,06;aktiv
AV-01547;A-00581;18.09.2021;Typ A;3.644,34;aktiv
AV-01548;A-00693;02.06.2020;Typ A;653,39;aktiv
AV-01549;A-01169;19.01.2021;Typ A;2.029,51;aktiv
AV-01550;A-00833;02.11.2018;Typ B;508,53;aktiv
AV-01551;A-02490;21.10.2022;Typ A;3.475,21;aktiv
AV-01552;A-00815;22.04.2026;Typ B;1.362,71;gekuendigt
AV-01553;A-00186;16.08.2025;Typ C;892,72;aktiv
AV-01554;A-00143;05.04.2020;Typ A;3.695,25;gekuendigt
AV-01555;A-01550;06.05.2021;Typ A;251,55;gekuendigt
AV-01556;A-01824;15.01.2017;Typ A;4.417,05;gekuendigt
AV-01557;A-00545;27.03.2021;Typ B;1.159,29;aktiv
AV-01558;A-01269;24.08.2021;Typ B;4.769,01;aktiv
AV-01559;A-01899;22.06.2020;Typ A;3.658,04;aktiv
AV-01560;A-01341;07.12.2018;Typ B;4.747,82;aktiv
AV-01561;A-00413;15.06.2024;Typ B;3.855,29;aktiv
AV-01562;A-00910;07.05.2025;Typ A;2.430,63;aktiv
AV-01563;A-02051;27.05.2022;Typ C;4.370,04;aktiv
AV-01564;A-00166;11.04.2018;Typ B;910,09;aktiv
AV-01565;A-02477;06.07.2023;Typ C;265,60;aktiv
AV-01566;A-02466;06.11.2024;Typ A;3.767,96;aktiv
AV-01567;A-00260;13.11.2017;typ b;4.034,06;aktiv
AV-01568;A-00392;08.08.2020;Typ C;783,19;gekuendigt
AV-01569;A-00440;25.10.2020;Typ B;3.716,29;gekuendigt
AV-01570;A-02314;26.02.2025;Typ A;254,11;
AV-01571;A-00352;28.06.2015;Typ A;4.668,08;aktiv
AV-01572;A-02244;07.03.2026;Typ A;470,21;aktiv
AV-01573;A-01618;27.10.2020;Typ A;1.792,31;aktiv
AV-01574;A-00250;26.02.2019;Typ B;4.518,96;aktiv
AV-01575;A-00307;18.02.2021;Typ C;2.136,95;aktiv
AV-01576;A-02306;23.08.2025;Typ C;3.496,32;gekuendigt
AV-01577;A-01454;05.11.2016;Typ C;620,78;aktiv
AV-01578;A-01991;13.08.2021;Typ B;3.870,62;aktiv
AV-01579;A-01086;19.08.2020;Typ B;2.319,57;aktiv
AV-01580;A-01214;19.11.2022;Typ A;1.797,92;aktiv
AV-01581;A-02003;06.02.2020;Typ A;1.605,51;aktiv
AV-01582;A-00077;26.02.2017;Typ C;1.106,09;aktiv
AV-01583;A-01527;26.12.2019;Typ C;552,90;aktiv
AV-01584;A-02054;20.01.2022;Typ C;2.176,03;aktiv
AV-01585;A-00167;17.04.2019;typ a;2.674,09;gekuendigt
AV-01586;A-02124;06.06.2022;Typ A;1.308,20;aktiv
AV-01587;A-02191;11.07.2022;Typ A;3.787,49;aktiv
AV-01588;A-00485;03.11.2022;Typ A;302,16;gekuendigt
AV-01589;A-01217;24.01.2024;Typ B;1.618,15;aktiv
AV-01590;A-00987;13.07.2022;Typ A;3.408,73;aktiv
AV-01591;A-01784;26.06.2020;Typ B;4.969,22;aktiv
AV-01592;A-01126;05.06.2026;Typ C;3.637,72;aktiv
AV-01593;A-00875;09.05.2022;Typ A;2.331,89;aktiv
AV-01594;A-01102;28.06.2025;Typ B;700,60;gekuendigt
AV-01595;A-00813;03.04.2016;Typ A;465,05;aktiv
AV-01596;A-02116;28.02.2018;Typ A;3.657,07;aktiv
AV-01597;A-01173;03.10.2020;Typ A;3.186,71;gekuendigt
AV-01598;A-00471;28.11.2022;Typ A;3.374,95;aktiv
AV-01599;A-01255;05.12.2015;Typ A;3.768,41;aktiv
AV-01600;A-01617;03.12.2016;Typ A;3.989,22;aktiv
AV-01601;A-01797;03.12.2015;Typ A;3.183,44;aktiv
AV-01602;A-01141;16.12.2018;typ b;1.052,41;aktiv
AV-01603;A-02006;28.10.2025;Typ C;2.296,20;
AV-01604;A-01430;07.03.2016;Typ A;4.409,16;aktiv
AV-01605;A-00182;04.12.2018;Typ B;517,53;
AV-01606;A-01715;06.04.2020;Typ A;4.204,80;aktiv
AV-01607;A-01427;21.09.2021;Typ A;2.218,64;gekuendigt
AV-01608;A-01491;17.04.2026;Typ A;4.469,20;aktiv
AV-01609;A-01606;03.03.2019;Typ A;2.545,53;gekuendigt
AV-01610;A-02493;25.10.2015;Typ C;537,77;aktiv
AV-01611;A-02099;01.08.2026;Typ C;3.421,33;aktiv
AV-01612;A-01198;22.12.2020;Typ B;4.802,59;aktiv
AV-01613;A-00567;15.06.2026;Typ A;4.083,18;aktiv
AV-01614;A-00468;11.08.2019;Typ B;3.763,10;aktiv
AV-01615;A-01686;23.01.2017;Typ A;2.404,98;aktiv
AV-01616;A-00968;28.08.2021;Typ C;2.343,06;aktiv
AV-01617;A-00918;01.07.2021;typ c;3.973,09;aktiv
AV-01618;A-00557;13.03.2025;Typ A;2.256,75;gekuendigt
AV-01619;A-00098;19.03.2017;Typ C;1.202,42;aktiv
AV-01620;A-00930;09.03.2022;Typ A;255,15;aktiv
AV-01621;A-02449;09.09.2019;Typ A;2.509,69;aktiv
AV-01622;A-00781;28.07.2021;Typ A;4.850,13;aktiv
AV-01623;A-00801;11.02.2016;Typ B;3.097,92;aktiv
AV-01624;A-00784;26.08.2023;Typ A;2.528,96;gekuendigt
AV-01625;A-00377;11.03.2025;Typ B;3.467,68;aktiv
AV-01626;A-00814;05.10.2016;Typ B;1.804,32;aktiv
AV-01627;A-02275;12.03.2026;Typ B;2.446,59;aktiv
AV-01628;A-01368;08.07.2020;typ a;1.732,07;aktiv
AV-01629;A-00193;16.11.2020;Typ B;2.841,73;aktiv
AV-01630;A-00559;07.12.2020;Typ C;4.832,55;aktiv
AV-01631;A-01415;23.04.2024;Typ B;1.299,54;gekuendigt
AV-01632;A-02256;16.10.2022;Typ C;1.670,28;gekuendigt
AV-01633;A-00979;20.03.2021;Typ A;2.716,79;aktiv
AV-01634;A-00834;03.05.2026;Typ A;3.920,55;aktiv
AV-01635;A-01674;05.12.2019;Typ A;3.922,13;aktiv
AV-01636;A-00654;01.11.2018;Typ A;4.150,46;aktiv
AV-01637;A-00241;11.05.2017;Typ B;1.673,72;gekuendigt
AV-01638;A-02360;07.11.2018;Typ C;3.048,30;aktiv
AV-01639;A-00173;24.01.2026;Typ C;2.688,99;aktiv
AV-01640;A-00614;14.07.2018;Typ B;4.285,60;aktiv
AV-01641;A-01362;10.03.2018;Typ A;3.310,43;aktiv
AV-01642;A-00348;15.06.2016;Typ B;4.965,95;aktiv
AV-01643;A-00428;06.09.2021;Typ B;3.828,54;aktiv
AV-01644;A-00060;09.08.2019;Typ A;3.091,73;aktiv
AV-01645;A-02465;11.03.2024;Typ C;750,99;gekuendigt
AV-01646;A-02022;12.08.2023;typ a;4.184,25;aktiv
AV-01647;A-00999;14.11.2015;Typ B;2.068,36;aktiv
AV-01648;A-01283;10.11.2015;Typ A;3.818,98;aktiv
AV-01649;A-01337;24.01.2023;typ b;789,55;aktiv
AV-01650;A-01418;05.03.2016;Typ A;942,40;aktiv
AV-01651;A-01779;12.06.2016;Typ A;2.151,31;aktiv
AV-01652;A-02026;18.07.2022;Typ A;2.169,31;aktiv
AV-01653;A-00895;18.03.2026;Typ C;4.099,67;aktiv
AV-01654;A-00008;08.05.2016;Typ A;3.277,08;aktiv
AV-01655;A-00763;27.11.2015;Typ B;2.471,66;aktiv
AV-01656;A-00115;28.03.2018;Typ A;1.699,38;
AV-01657;A-00319;13.11.2025;Typ A;3.862,85;aktiv
AV-01658;A-01025;23.12.2025;Typ A;479,61;aktiv
AV-01659;A-01162;08.04.2015;Typ B;184,69;aktiv
AV-01660;A-01215;17.06.2024;typ c;946,27;aktiv
AV-01661;A-00825;21.01.2023;Typ B;1.514,87;aktiv
AV-01662;A-00108;06.07.2023;Typ C;3.807,73;aktiv
AV-01663;A-00201;09.06.2018;typ a;3.304,74;aktiv
AV-01664;A-00489;21.10.2022;Typ B;3.884,58;
AV-01665;A-00630;13.01.2016;Typ C;3.752,65;gekuendigt
AV-01666;A-00592;24.10.2018;Typ B;4.189,71;aktiv
AV-01667;A-01414;12.05.2024;Typ B;3.291,98;aktiv
AV-01668;A-01840;17.04.2019;Typ A;209,95;gekuendigt
AV-01669;A-01138;16.04.2020;Typ C;2.034,57;aktiv
AV-01670;A-01558;25.10.2021;Typ A;2.534,66;aktiv
AV-01671;A-01541;28.11.2019;Typ C;526,72;aktiv
AV-01672;A-02370;20.01.2015;Typ A;204,38;aktiv
AV-01673;A-01492;15.05.2015;Typ A;2.905,34;aktiv
AV-01674;A-00855;07.06.2015;Typ B;4.859,06;aktiv
AV-01675;A-02432;09.02.2020;Typ A;258,61;aktiv
AV-01676;A-00424;05.05.2016;Typ A;4.661,11;gekuendigt
AV-01677;A-02479;21.02.2018;Typ B;3.456,87;aktiv
AV-01678;A-02190;01.03.2022;Typ A;3.665,32;aktiv
AV-01679;A-02364;18.12.2024;Typ A;259,41;aktiv
AV-01680;A-00323;23.12.2016;Typ A;466,02;aktiv
AV-01681;A-02386;16.01.2015;Typ A;2.408,65;aktiv
AV-01682;A-01295;02.10.2015;Typ B;4.803,23;gekuendigt
AV-01683;A-02319;24.05.2026;Typ B;4.039,41;aktiv
AV-01684;A-02308;08.04.2019;Typ B;4.080,22;gekuendigt
AV-01685;A-02469;27.10.2015;Typ C;2.860,88;aktiv
AV-01686;A-02117;28.12.2018;Typ B;1.539,61;
AV-01687;A-01886;27.08.2020;Typ B;944,89;aktiv
AV-01688;A-01003;18.12.2020;Typ B;1.705,45;aktiv
AV-01689;A-01860;19.03.2021;Typ A;2.417,30;aktiv
AV-01690;A-01266;27.03.2019;Typ B;4.463,73;aktiv
AV-01691;A-00721;14.06.2021;Typ A;1.378,02;aktiv
AV-01692;A-00196;15.11.2020;Typ B;2.765,18;aktiv
AV-01693;A-01156;17.06.2015;Typ C;4.916,16;aktiv
AV-01694;A-02078;21.09.2020;Typ C;923,23;aktiv
AV-01695;A-02297;27.04.2017;Typ B;546,46;aktiv
AV-01696;A-00329;18.09.2016;Typ A;653,50;aktiv
AV-01697;A-01792;06.11.2023;Typ B;3.467,45;aktiv
AV-01698;A-00347;11.02.2022;Typ B;4.015,03;aktiv
AV-01699;A-00726;22.09.2021;Typ C;1.212,50;aktiv
AV-01700;A-00157;25.12.2021;Typ C;1.245,20;aktiv
AV-01701;A-00217;25.12.2017;Typ A;152,89;aktiv
AV-01702;A-02468;16.02.2023;Typ A;500,20;gekuendigt
AV-01703;A-00676;10.07.2018;typ c;2.778,54;aktiv
AV-01704;A-00049;01.01.2018;Typ A;737,22;aktiv
AV-01705;A-01845;03.02.2025;Typ A;4.762,41;aktiv
AV-01706;A-02333;13.11.2020;typ a;3.048,17;aktiv
AV-01707;A-01706;10.04.2020;Typ A;3.010,00;aktiv
AV-01708;A-00156;02.10.2024;Typ B;4.888,52;aktiv
AV-01709;A-00942;09.01.2020;Typ B;4.326,70;aktiv
AV-01710;A-00334;14.02.2023;Typ B;3.158,12;aktiv
AV-01711;A-02351;01.08.2025;Typ A;4.819,43;aktiv
AV-01712;A-02418;09.08.2016;Typ B;552,38;aktiv
AV-01713;A-01619;04.11.2026;Typ B;3.782,90;aktiv
AV-01714;A-01389;11.01.2022;typ a;3.919,24;gekuendigt
AV-01715;A-01230;14.10.2018;typ a;3.466,55;aktiv
AV-01716;A-02271;17.01.2025;Typ A;2.585,05;aktiv
AV-01717;A-02027;13.10.2026;Typ C;2.747,97;aktiv
AV-01718;A-01771;04.10.2019;Typ B;2.531,83;gekuendigt
AV-01719;A-00212;02.03.2019;typ a;1.757,37;aktiv
AV-01720;A-00791;07.02.2017;Typ B;1.357,86;aktiv
AV-01721;A-01154;06.11.2026;Typ B;362,79;aktiv
AV-01722;A-02294;19.11.2020;Typ C;1.259,35;aktiv
AV-01723;A-00796;04.02.2026;Typ A;790,20;gekuendigt
AV-01724;A-01030;01.10.2024;Typ A;1.928,38;aktiv
AV-01725;A-00863;17.12.2015;Typ C;1.936,20;aktiv
AV-01726;A-00339;02.08.2021;Typ A;2.852,82;aktiv
AV-01727;A-00877;09.02.2016;Typ C;3.373,81;aktiv
AV-01728;A-01564;05.04.2023;Typ A;935,68;aktiv
AV-01729;A-00915;15.04.2025;Typ B;2.797,71;aktiv
AV-01730;A-00810;26.02.2022;Typ B;2.973,28;
AV-01731;A-00104;07.04.2015;Typ A;796,09;aktiv
AV-01732;A-02456;02.06.2015;Typ B;209,00;aktiv
AV-01733;A-02270;17.10.2019;Typ A;4.419,87;aktiv
AV-01734;A-00225;26.08.2018;Typ A;3.370,58;aktiv
AV-01735;A-01859;06.02.2018;Typ A;3.221,97;aktiv
AV-01736;A-00541;22.03.2016;Typ A;2.622,86;gekuendigt
AV-01737;A-00744;17.08.2016;Typ C;502,06;aktiv
AV-01738;A-00144;27.07.2025;Typ B;4.697,40;gekuendigt
AV-01739;A-01484;25.01.2021;Typ A;4.372,74;aktiv
AV-01740;A-02272;22.04.2015;Typ B;1.962,36;aktiv
AV-01741;A-00436;05.12.2018;typ b;4.754,53;aktiv
AV-01742;A-02428;28.11.2021;Typ B;912,83;aktiv
AV-01743;A-00030;25.08.2019;Typ A;3.059,14;aktiv
AV-01744;A-02233;23.02.2023;Typ C;855,98;aktiv
AV-01745;A-00713;13.05.2020;Typ A;3.303,31;gekuendigt
AV-01746;A-01557;27.05.2020;Typ B;1.736,38;aktiv
AV-01747;A-01362;16.09.2022;Typ A;4.375,12;aktiv
AV-01748;A-02197;22.09.2026;Typ B;3.355,89;aktiv
AV-01749;A-01515;03.06.2022;Typ B;4.879,85;aktiv
AV-01750;A-02055;03.11.2024;Typ A;1.450,83;aktiv
AV-01751;A-00189;17.10.2019;Typ A;4.645,08;aktiv
AV-01752;A-02165;07.10.2018;Typ A;1.635,79;gekuendigt
AV-01753;A-00344;14.11.2023;Typ A;3.049,14;aktiv
AV-01754;A-00677;26.10.2018;Typ A;3.884,06;aktiv
AV-01755;A-00738;12.11.2025;Typ B;2.831,58;aktiv
AV-01756;A-00490;17.10.2022;Typ A;3.664,27;gekuendigt
AV-01757;A-00164;07.04.2025;Typ B;3.222,20;aktiv
AV-01758;A-01590;12.08.2025;Typ A;2.499,07;
AV-01759;A-00702;18.08.2024;typ a;1.385,42;aktiv
AV-01760;A-00293;27.07.2016;Typ B;2.056,44;aktiv
AV-01761;A-02052;15.08.2019;Typ C;2.820,62;gekuendigt
AV-01762;A-00216;14.10.2023;Typ A;397,32;aktiv
AV-01763;A-02005;04.10.2022;Typ B;2.026,39;aktiv
AV-01764;A-02391;12.02.2017;Typ B;4.971,82;aktiv
AV-01765;A-00455;04.05.2016;Typ B;1.451,81;aktiv
AV-01766;A-01303;14.11.2026;Typ A;4.472,86;aktiv
AV-01767;A-01987;11.02.2015;Typ C;3.639,92;aktiv
AV-01768;A-01949;08.04.2018;Typ B;2.917,49;aktiv
AV-01769;A-01286;27.06.2023;Typ A;261,33;aktiv
AV-01770;A-00370;26.03.2018;Typ C;2.008,87;aktiv
AV-01771;A-02461;03.03.2015;Typ B;3.128,54;gekuendigt
AV-01772;A-02271;04.02.2022;typ a;2.121,05;aktiv
AV-01773;A-01647;06.03.2024;Typ C;1.505,43;aktiv
AV-01774;A-01815;14.05.2025;Typ B;3.058,62;aktiv
AV-01775;A-00823;04.04.2018;Typ C;2.131,39;aktiv
AV-01776;A-02324;13.12.2017;Typ C;3.790,87;aktiv
AV-01777;A-01500;22.04.2019;Typ B;3.979,50;aktiv
AV-01778;A-00004;16.01.2020;Typ B;2.031,32;aktiv
AV-01779;A-01555;05.06.2018;Typ B;3.064,62;aktiv
AV-01780;A-01992;26.03.2021;Typ A;1.206,95;aktiv
AV-01781;A-00261;23.04.2019;Typ A;1.269,84;aktiv
AV-01782;A-00620;22.01.2022;Typ C;1.333,75;aktiv
AV-01783;A-01473;26.12.2022;Typ A;2.922,53;aktiv
AV-01784;A-01567;14.08.2015;Typ B;4.559,56;aktiv
AV-01785;A-00652;08.06.2019;Typ A;4.571,25;aktiv
AV-01786;A-00795;08.03.2017;Typ C;3.278,29;aktiv
AV-01787;A-02069;13.01.2018;Typ A;3.839,44;aktiv
AV-01788;A-01742;20.02.2017;Typ B;392,82;aktiv
AV-01789;A-01254;05.08.2019;Typ A;4.313,73;aktiv
AV-01790;A-01425;14.04.2017;Typ A;2.674,46;aktiv
AV-01791;A-00461;02.10.2016;Typ B;3.948,04;gekuendigt
AV-01792;A-00754;10.03.2026;Typ B;4.718,78;gekuendigt
AV-01793;A-01680;26.01.2018;Typ C;3.072,78;aktiv
AV-01794;A-01307;27.05.2016;Typ B;2.739,67;aktiv
AV-01795;A-02288;24.06.2023;Typ A;2.738,24;aktiv
AV-01796;A-01194;28.06.2015;Typ A;1.470,84;gekuendigt
AV-01797;A-01513;02.09.2023;Typ A;959,96;aktiv
AV-01798;A-02118;28.04.2017;Typ B;1.930,88;aktiv
AV-01799;A-00673;15.04.2022;Typ A;682,90;aktiv
AV-01800;A-01383;25.10.2025;Typ A;4.916,85;aktiv
AV-01801;A-01015;17.08.2019;Typ B;3.436,00;aktiv
AV-01802;A-01363;13.12.2023;Typ C;2.413,11;aktiv
AV-01803;A-01689;26.06.2023;Typ B;3.634,03;aktiv
AV-01804;A-00912;14.09.2019;Typ A;4.310,95;aktiv
AV-01805;A-01564;03.04.2015;Typ B;1.932,38;aktiv
AV-01806;A-00323;13.07.2024;Typ A;1.962,07;aktiv
AV-01807;A-00283;07.01.2018;Typ A;3.246,50;aktiv
AV-01808;A-00687;05.12.2024;Typ B;1.614,56;aktiv
AV-01809;A-00641;15.04.2015;Typ A;2.086,31;aktiv
AV-01810;A-00717;15.04.2020;Typ A;4.804,15;aktiv
AV-01811;A-00211;04.11.2017;Typ A;407,63;aktiv
AV-01812;A-02081;28.11.2021;typ a;3.051,45;aktiv
AV-01813;A-00830;16.09.2023;Typ A;4.909,58;gekuendigt
AV-01814;A-01418;11.06.2016;Typ A;4.621,63;aktiv
AV-01815;A-01507;24.03.2016;Typ B;1.457,60;aktiv
AV-01816;A-00789;17.11.2018;Typ A;2.324,54;aktiv
AV-01817;A-00153;12.08.2024;Typ B;1.531,90;aktiv
AV-01818;A-00771;04.10.2023;typ c;3.828,69;aktiv
AV-01819;A-01831;22.01.2023;Typ B;3.684,02;aktiv
AV-01820;A-02274;27.03.2016;Typ A;3.353,99;aktiv
AV-01821;A-01960;09.11.2026;Typ A;3.846,23;aktiv
AV-01822;A-02268;09.07.2024;Typ A;353,17;aktiv
AV-01823;A-01654;14.04.2017;Typ B;2.175,31;gekuendigt
AV-01824;A-02347;18.07.2017;Typ B;4.953,57;aktiv
AV-01825;A-01508;28.03.2016;Typ A;3.677,10;aktiv
AV-01826;A-01250;06.08.2018;Typ C;2.543,39;aktiv
AV-01827;A-00308;20.06.2022;Typ B;1.954,76;
AV-01828;A-02076;18.10.2019;Typ B;4.521,43;aktiv
AV-01829;A-00127;11.11.2025;Typ B;3.388,60;gekuendigt
AV-01830;A-00689;22.09.2024;Typ A;3.030,17;gekuendigt
AV-01831;A-01843;14.01.2018;Typ B;1.741,55;aktiv
AV-01832;A-02417;13.12.2022;Typ A;3.019,71;gekuendigt
AV-01833;A-01713;27.02.2019;Typ A;1.234,58;aktiv
AV-01834;A-00361;05.08.2018;Typ C;3.532,30;aktiv
AV-01835;A-01531;13.12.2021;Typ A;1.756,38;aktiv
AV-01836;A-00724;16.10.2017;Typ C;3.364,98;aktiv
AV-01837;A-02092;13.07.2015;Typ C;897,12;aktiv
AV-01838;A-01949;12.06.2015;Typ A;1.293,06;gekuendigt
AV-01839;A-00412;19.07.2022;Typ A;2.236,01;aktiv
AV-01840;A-02039;26.10.2018;Typ A;922,08;aktiv
AV-01841;A-02064;04.02.2021;Typ A;4.011,54;aktiv
AV-01842;A-00002;16.07.2023;Typ C;4.681,72;aktiv
AV-01843;A-00994;05.11.2026;typ c;160,12;aktiv
AV-01844;A-01108;27.05.2017;Typ A;3.475,46;gekuendigt
AV-01845;A-00048;19.11.2020;Typ A;951,32;aktiv
AV-01846;A-01994;19.01.2016;Typ A;341,64;aktiv
AV-01847;A-01286;13.03.2018;Typ C;2.528,25;aktiv
AV-01848;A-02207;27.10.2019;Typ B;4.184,24;aktiv
AV-01849;A-00120;20.08.2016;Typ C;913,36;aktiv
AV-01850;A-00192;16.02.2023;Typ B;3.491,81;aktiv
AV-01851;A-00083;06.11.2020;Typ B;4.079,81;aktiv
AV-01852;A-02204;10.05.2023;Typ B;4.100,99;aktiv
AV-01853;A-00356;22.05.2018;Typ A;1.317,30;aktiv
AV-01854;A-00655;03.01.2017;Typ A;4.394,44;aktiv
AV-01855;A-01143;05.03.2022;Typ B;1.520,01;aktiv
AV-01856;A-01027;08.10.2020;typ b;2.261,37;aktiv
AV-01857;A-01873;22.11.2025;Typ B;3.000,20;gekuendigt
AV-01858;A-01728;21.08.2018;Typ A;909,18;aktiv
AV-01859;A-01785;02.01.2016;Typ C;4.047,59;aktiv
AV-01860;A-00384;22.08.2022;Typ C;3.951,07;gekuendigt
AV-01861;A-01197;27.03.2022;Typ A;4.838,48;aktiv
AV-01862;A-00296;28.10.2020;Typ B;186,08;aktiv
AV-01863;A-01198;03.07.2019;Typ B;4.943,59;aktiv
AV-01864;A-01206;17.04.2017;Typ B;4.791,75;gekuendigt
AV-01865;A-00746;14.03.2026;Typ A;194,74;aktiv
AV-01866;A-01497;12.10.2020;Typ A;657,30;aktiv
AV-01867;A-01503;07.04.2023;Typ A;3.449,73;gekuendigt
AV-01868;A-00065;09.09.2026;Typ B;4.464,49;gekuendigt
AV-01869;A-01259;07.10.2024;Typ A;4.756,61;
AV-01870;A-02234;19.12.2022;typ b;2.763,14;aktiv
AV-01871;A-01492;11.05.2015;Typ A;3.008,20;gekuendigt
AV-01872;A-02213;27.08.2016;Typ C;4.655,88;gekuendigt
AV-01873;A-01720;08.10.2024;Typ C;4.198,79;aktiv
AV-01874;A-02451;21.05.2019;Typ C;4.111,17;aktiv
AV-01875;A-01263;13.05.2024;Typ A;2.724,10;aktiv
AV-01876;A-00487;13.04.2022;Typ A;381,65;aktiv
AV-01877;A-00357;27.09.2019;Typ C;4.708,60;aktiv
AV-01878;A-02383;26.11.2026;typ a;3.061,19;aktiv
AV-01879;A-01804;18.04.2024;Typ B;1.544,65;aktiv
AV-01880;A-01790;18.07.2018;Typ B;1.009,60;aktiv
AV-01881;A-00751;14.11.2015;Typ A;3.287,19;gekuendigt
AV-01882;A-02001;05.02.2015;Typ C;3.695,43;aktiv
AV-01883;A-01703;09.11.2019;typ a;4.543,88;aktiv
AV-01884;A-01808;04.06.2017;Typ B;1.550,58;gekuendigt
AV-01885;A-01227;21.09.2026;Typ A;4.916,65;gekuendigt
AV-01886;A-00452;03.04.2015;Typ B;4.002,97;gekuendigt
AV-01887;A-01633;25.02.2017;typ b;738,98;aktiv
AV-01888;A-00118;17.08.2023;Typ A;3.389,79;aktiv
AV-01889;A-01573;26.06.2016;Typ A;1.005,53;gekuendigt
AV-01890;A-02079;24.05.2023;Typ A;4.582,32;gekuendigt
AV-01891;A-01688;06.02.2016;Typ A;927,65;gekuendigt
AV-01892;A-01744;16.04.2023;Typ C;3.822,97;aktiv
AV-01893;A-01122;26.07.2020;Typ B;652,31;aktiv
AV-01894;A-02397;06.04.2021;Typ A;3.241,82;aktiv
AV-01895;A-02418;03.12.2026;Typ C;3.761,56;gekuendigt
AV-01896;A-01406;25.09.2022;Typ B;1.712,74;aktiv
AV-01897;A-00519;15.01.2015;Typ A;2.919,06;aktiv
AV-01898;A-00210;21.06.2025;Typ A;3.786,20;aktiv
AV-01899;A-00327;03.08.2020;Typ A;615,49;aktiv
AV-01900;A-00480;05.10.2016;Typ B;2.834,89;
AV-01901;A-01247;20.02.2020;Typ C;3.962,81;aktiv
AV-01902;A-01638;18.05.2018;Typ C;1.573,24;gekuendigt
AV-01903;A-00756;22.05.2015;Typ C;814,06;aktiv
AV-01904;A-01115;09.03.2021;Typ A;2.148,34;aktiv
AV-01905;A-00981;03.06.2023;Typ B;3.732,35;aktiv
AV-01906;A-02065;11.05.2015;Typ A;601,42;aktiv
AV-01907;A-00125;20.10.2023;Typ C;1.908,28;aktiv
AV-01908;A-00590;11.06.2019;Typ C;1.035,70;aktiv
AV-01909;A-01662;02.04.2016;Typ A;4.231,12;aktiv
AV-01910;A-01730;26.02.2023;Typ B;4.685,77;gekuendigt
AV-01911;A-01907;18.05.2023;Typ B;637,11;aktiv
AV-01912;A-02052;14.05.2015;Typ A;1.766,34;aktiv
AV-01913;A-00451;04.02.2017;typ c;3.003,28;aktiv
AV-01914;A-01274;16.01.2022;Typ C;2.119,05;aktiv
AV-01915;A-00677;18.10.2017;Typ C;1.350,74;aktiv
AV-01916;A-00061;19.11.2017;Typ B;653,79;gekuendigt
AV-01917;A-00366;24.04.2022;Typ B;971,44;gekuendigt
AV-01918;A-00570;08.09.2025;Typ C;175,64;aktiv
AV-01919;A-00816;26.10.2019;Typ B;4.232,92;aktiv
AV-01920;A-00685;14.01.2018;Typ A;3.384,38;aktiv
AV-01921;A-01054;12.05.2023;Typ A;4.872,55;aktiv
AV-01922;A-01202;09.05.2024;typ a;4.302,28;aktiv
AV-01923;A-02458;21.05.2021;Typ B;157,05;aktiv
AV-01924;A-00731;24.04.2024;Typ A;771,73;aktiv
AV-01925;A-01009;04.10.2025;Typ C;1.356,58;aktiv
AV-01926;A-02307;24.04.2018;Typ A;500,17;aktiv
AV-01927;A-01151;04.05.2018;Typ B;3.311,49;aktiv
AV-01928;A-00998;14.01.2026;Typ A;1.150,72;aktiv
AV-01929;A-00760;26.11.2026;Typ A;1.938,47;gekuendigt
AV-01930;A-01525;17.11.2021;Typ B;2.300,55;aktiv
AV-01931;A-01669;07.03.2025;Typ A;1.061,80;aktiv
AV-01932;A-02051;16.04.2025;Typ B;1.478,40;aktiv
AV-01933;A-02198;15.07.2015;typ a;3.939,76;
AV-01934;A-01697;17.08.2026;Typ A;2.155,01;gekuendigt
AV-01935;A-02164;09.05.2017;Typ A;3.879,91;aktiv
AV-01936;A-02228;19.02.2023;Typ B;1.620,50;aktiv
AV-01937;A-01347;28.12.2018;Typ A;2.462,65;aktiv
AV-01938;A-00521;08.08.2017;Typ A;797,41;aktiv
AV-01939;A-01107;13.08.2025;Typ A;4.750,30;aktiv
AV-01940;A-01702;09.02.2017;Typ B;2.681,84;aktiv
AV-01941;A-01882;17.11.2019;Typ B;3.770,05;aktiv
AV-01942;A-01369;08.02.2024;Typ C;1.372,68;aktiv
AV-01943;A-00408;28.09.2025;Typ B;4.025,12;aktiv
AV-01944;A-00876;16.11.2017;Typ C;166,35;gekuendigt
AV-01945;A-00285;25.12.2020;Typ B;2.904,56;aktiv
AV-01946;A-00803;04.03.2018;Typ B;3.646,27;aktiv
AV-01947;A-02373;19.05.2026;Typ A;2.099,48;gekuendigt
AV-01948;A-02185;19.10.2024;Typ A;1.992,62;aktiv
AV-01949;A-00129;02.06.2018;Typ C;1.880,87;aktiv
AV-01950;A-00998;16.06.2023;Typ A;4.793,88;aktiv
AV-01951;A-01164;19.02.2016;Typ C;1.271,83;gekuendigt
AV-01952;A-02459;14.08.2018;typ b;3.732,28;aktiv
AV-01953;A-00860;23.08.2023;typ a;3.729,42;aktiv
AV-01954;A-01048;09.01.2016;Typ A;2.999,37;aktiv
AV-01955;A-00624;19.11.2019;Typ C;4.481,55;aktiv
AV-01956;A-01380;04.10.2018;typ a;1.364,04;aktiv
AV-01957;A-00513;25.11.2026;Typ A;2.458,66;aktiv
AV-01958;A-01314;25.11.2017;Typ B;180,83;gekuendigt
AV-01959;A-01321;11.07.2018;Typ A;2.592,95;aktiv
AV-01960;A-01308;01.05.2024;Typ A;1.842,45;aktiv
AV-01961;A-00076;23.09.2022;Typ A;3.733,67;gekuendigt
AV-01962;A-00309;22.01.2024;Typ A;984,53;aktiv
AV-01963;A-01880;24.01.2026;Typ A;4.162,30;aktiv
AV-01964;A-00931;02.08.2019;Typ B;1.244,28;aktiv
AV-01965;A-02381;24.12.2016;Typ A;3.191,58;gekuendigt
AV-01966;A-00579;14.11.2019;Typ A;456,85;gekuendigt
AV-01967;A-00382;01.07.2022;Typ A;320,38;aktiv
AV-01968;A-01938;03.02.2021;Typ B;1.177,16;aktiv
AV-01969;A-00444;08.07.2016;typ b;956,02;aktiv
AV-01970;A-00750;22.09.2026;Typ B;4.519,43;aktiv
AV-01971;A-02218;15.06.2024;Typ A;4.986,51;aktiv
AV-01972;A-00892;15.04.2024;Typ A;3.113,10;aktiv
AV-01973;A-01466;09.06.2019;Typ B;4.642,13;aktiv
AV-01974;A-00803;13.04.2015;Typ A;3.896,91;aktiv
AV-01975;A-00069;04.10.2016;Typ B;764,88;aktiv
AV-01976;A-02129;18.12.2026;Typ C;698,85;
AV-01977;A-00829;23.10.2025;typ b;805,81;aktiv
AV-01978;A-01546;26.04.2023;Typ A;4.553,81;aktiv
AV-01979;A-01756;03.09.2024;typ a;2.828,54;aktiv
AV-01980;A-00905;09.02.2023;typ a;2.812,20;gekuendigt
AV-01981;A-01222;16.07.2015;Typ C;1.145,71;gekuendigt
AV-01982;A-01970;21.12.2018;Typ A;866,94;aktiv
AV-01983;A-00345;21.12.2021;typ b;3.728,04;aktiv
AV-01984;A-00109;09.11.2017;Typ C;1.787,76;aktiv
AV-01985;A-00960;25.01.2015;typ b;267,40;gekuendigt
AV-01986;A-02335;11.02.2015;Typ A;3.749,66;aktiv
AV-01987;A-00095;23.02.2016;Typ A;4.772,48;aktiv
AV-01988;A-00254;12.11.2023;Typ A;3.209,60;gekuendigt
AV-01989;A-00705;05.12.2015;Typ C;1.667,29;aktiv
AV-01990;A-01725;10.11.2023;Typ B;1.414,90;aktiv
AV-01991;A-01772;22.10.2017;Typ B;2.462,37;aktiv
AV-01992;A-01809;06.03.2016;Typ C;1.551,54;aktiv
AV-01993;A-01931;13.06.2015;Typ B;2.609,65;aktiv
AV-01994;A-02229;02.10.2015;Typ A;1.417,23;aktiv
AV-01995;A-00265;11.11.2020;Typ A;3.660,91;aktiv
AV-01996;A-01726;13.07.2017;Typ B;1.293,64;aktiv
AV-01997;A-00925;08.09.2019;typ c;1.942,40;aktiv
AV-01998;A-02472;26.03.2019;Typ B;3.688,56;aktiv
AV-01999;A-01926;16.11.2015;Typ A;1.158,40;aktiv
AV-02000;A-00403;15.09.2024;Typ B;3.964,64;aktiv
AV-02001;A-00138;28.11.2024;Typ C;1.046,12;aktiv
AV-02002;A-00052;04.01.2019;Typ C;1.376,15;aktiv
AV-02003;A-00159;24.09.2023;Typ A;3.184,06;aktiv
AV-02004;A-01736;18.03.2025;Typ C;2.567,47;gekuendigt
AV-02005;A-01953;13.04.2023;typ b;1.060,27;aktiv
AV-02006;A-00546;08.05.2021;Typ A;467,82;aktiv
AV-02007;A-01249;10.11.2024;Typ B;2.680,36;aktiv
AV-02008;A-01241;10.12.2025;Typ A;919,18;aktiv
AV-02009;A-00180;05.12.2021;Typ A;3.667,36;aktiv
AV-02010;A-01375;10.02.2018;typ c;1.371,47;aktiv
AV-02011;A-02002;10.07.2015;Typ C;3.213,42;aktiv
AV-02012;A-02261;28.05.2020;Typ C;1.054,96;aktiv
AV-02013;A-01470;12.11.2026;Typ A;3.463,44;aktiv
AV-02014;A-00786;22.01.2026;Typ A;1.979,76;aktiv
AV-02015;A-00840;17.05.2019;Typ B;4.101,40;aktiv
AV-02016;A-02388;24.04.2015;Typ A;1.321,00;
AV-02017;A-00403;27.03.2023;Typ C;1.758,02;gekuendigt
AV-02018;A-00268;27.10.2022;Typ B;3.417,34;aktiv
AV-02019;A-00458;21.11.2019;Typ A;4.286,88;aktiv
AV-02020;A-02087;25.04.2018;Typ C;1.092,50;aktiv
AV-02021;A-01667;23.06.2024;Typ A;3.682,99;gekuendigt
AV-02022;A-01774;04.02.2016;Typ B;2.355,51;aktiv
AV-02023;A-00132;02.09.2016;Typ B;1.113,30;aktiv
AV-02024;A-00031;07.11.2025;Typ B;803,33;aktiv
AV-02025;A-00253;14.01.2018;Typ C;3.658,30;gekuendigt
AV-02026;A-00291;16.09.2024;Typ B;1.738,09;aktiv
AV-02027;A-01693;28.09.2022;Typ A;2.829,87;gekuendigt
AV-02028;A-01716;06.01.2015;Typ A;278,86;gekuendigt
AV-02029;A-00213;11.02.2024;Typ B;693,27;aktiv
AV-02030;A-00962;01.09.2024;Typ A;1.979,86;aktiv
AV-02031;A-00199;09.08.2026;Typ B;4.141,75;aktiv
AV-02032;A-00522;01.07.2026;Typ C;3.448,59;aktiv
AV-02033;A-01163;05.06.2024;Typ C;519,82;aktiv
AV-02034;A-01597;21.09.2016;Typ B;1.541,16;aktiv
AV-02035;A-01180;13.04.2018;Typ B;1.813,31;
AV-02036;A-02425;07.07.2017;typ a;3.656,33;gekuendigt
AV-02037;A-01822;17.10.2024;Typ A;1.314,69;aktiv
AV-02038;A-02455;03.07.2020;typ a;4.678,82;aktiv
AV-02039;A-02027;05.05.2026;typ b;2.125,15;aktiv
AV-02040;A-00071;01.11.2020;Typ B;1.786,84;aktiv
AV-02041;A-00354;14.07.2021;Typ C;3.757,22;aktiv
AV-02042;A-02105;24.02.2016;Typ A;3.934,49;aktiv
AV-02043;A-02202;28.04.2015;Typ C;2.673,24;aktiv
AV-02044;A-00548;20.07.2021;Typ A;4.375,49;aktiv
AV-02045;A-00632;15.11.2017;Typ A;4.710,50;aktiv
AV-02046;A-01453;09.04.2017;Typ C;1.875,61;gekuendigt
AV-02047;A-00205;06.09.2023;typ a;677,55;aktiv
AV-02048;A-02439;25.07.2022;Typ B;4.526,73;aktiv
AV-02049;A-01522;10.05.2023;Typ B;345,66;aktiv
AV-02050;A-02241;26.01.2023;Typ B;2.320,04;
AV-02051;A-02433;16.04.2019;Typ C;4.576,71;aktiv
AV-02052;A-00628;14.03.2023;Typ A;1.283,68;aktiv
AV-02053;A-01402;02.02.2026;Typ A;1.947,23;aktiv
AV-02054;A-00900;27.10.2015;Typ A;1.935,98;aktiv
AV-02055;A-00171;26.02.2026;typ a;2.934,32;gekuendigt
AV-02056;A-01297;09.08.2026;Typ B;953,17;aktiv
AV-02057;A-00671;20.10.2026;Typ C;2.190,58;aktiv
AV-02058;A-00369;10.11.2021;Typ C;3.262,48;aktiv
AV-02059;A-00495;22.12.2026;Typ B;4.908,99;aktiv
AV-02060;A-01116;05.05.2023;Typ B;1.925,98;aktiv
AV-02061;A-01975;05.04.2024;Typ A;649,28;aktiv
AV-02062;A-01313;19.05.2023;Typ B;4.878,04;aktiv
AV-02063;A-02493;04.04.2017;Typ A;3.934,62;gekuendigt
AV-02064;A-00866;25.03.2019;Typ C;2.110,43;aktiv
AV-02065;A-02484;20.07.2015;Typ B;4.951,61;aktiv
AV-02066;A-00500;04.11.2021;Typ B;2.175,86;gekuendigt
AV-02067;A-01736;06.08.2025;Typ B;1.651,08;gekuendigt
AV-02068;A-01343;17.04.2026;Typ B;1.730,02;aktiv
AV-02069;A-01989;08.11.2020;Typ C;2.673,01;aktiv
AV-02070;A-01917;27.01.2023;Typ C;1.530,80;aktiv
AV-02071;A-00698;22.07.2020;typ a;840,91;aktiv
AV-02072;A-00439;11.07.2024;typ a;4.052,24;aktiv
AV-02073;A-02310;25.10.2021;Typ A;3.431,29;aktiv
AV-02074;A-00450;26.02.2019;Typ B;2.928,63;aktiv
AV-02075;A-00573;27.02.2025;Typ A;2.874,70;gekuendigt
AV-02076;A-00847;27.11.2016;typ b;856,73;aktiv
AV-02077;A-00310;19.06.2023;Typ A;4.630,56;aktiv
AV-02078;A-00972;13.05.2018;Typ B;1.316,91;aktiv
AV-02079;A-01146;09.09.2019;typ b;346,73;aktiv
AV-02080;A-01933;25.08.2017;Typ A;181,59;gekuendigt
AV-02081;A-01357;13.10.2021;Typ C;2.038,04;gekuendigt
AV-02082;A-01394;17.07.2016;Typ A;543,89;aktiv
AV-02083;A-01676;27.06.2024;Typ C;4.294,08;aktiv
AV-02084;A-01346;17.07.2016;Typ A;3.294,18;aktiv
AV-02085;A-01100;03.10.2025;Typ C;1.708,75;aktiv
AV-02086;A-02211;17.11.2017;Typ A;2.974,94;aktiv
AV-02087;A-00985;05.11.2021;Typ A;1.936,55;aktiv
AV-02088;A-00553;16.01.2019;Typ A;3.054,35;aktiv
AV-02089;A-01845;15.12.2015;Typ C;3.671,20;aktiv
AV-02090;A-00259;05.11.2021;Typ B;1.821,07;aktiv
AV-02091;A-00310;28.12.2016;Typ B;3.183,14;aktiv
AV-02092;A-01683;06.01.2021;Typ B;4.672,55;aktiv
AV-02093;A-00563;13.01.2019;Typ C;3.421,97;aktiv
AV-02094;A-02151;07.04.2018;Typ B;582,56;aktiv
AV-02095;A-00390;23.06.2020;Typ C;1.132,70;gekuendigt
AV-02096;A-00346;15.02.2021;Typ B;533,88;aktiv
AV-02097;A-02485;04.11.2017;Typ A;942,41;aktiv
AV-02098;A-01590;08.07.2018;typ c;4.900,79;aktiv
AV-02099;A-01766;18.08.2022;Typ B;1.823,08;aktiv
AV-02100;A-00963;03.08.2018;Typ C;2.794,17;aktiv
AV-02101;A-00186;24.01.2024;Typ C;4.343,11;aktiv
AV-02102;A-02486;10.07.2017;Typ B;4.869,43;aktiv
AV-02103;A-01188;02.05.2019;Typ A;1.143,72;aktiv
AV-02104;A-00599;16.07.2016;typ b;4.649,27;gekuendigt
AV-02105;A-00249;22.08.2026;Typ B;4.588,58;aktiv
AV-02106;A-02090;03.11.2017;Typ C;4.487,19;aktiv
AV-02107;A-01791;21.02.2017;Typ A;2.669,21;gekuendigt
AV-02108;A-00992;18.10.2017;Typ A;4.174,27;aktiv
AV-02109;A-00856;15.10.2025;Typ A;2.216,20;gekuendigt
AV-02110;A-00431;04.04.2023;Typ C;1.009,50;aktiv
AV-02111;A-01311;01.07.2020;Typ A;2.926,26;aktiv
AV-02112;A-01607;16.01.2026;Typ B;3.004,77;aktiv
AV-02113;A-00006;22.07.2021;Typ C;727,13;aktiv
AV-02114;A-02277;28.07.2015;Typ C;1.294,36;aktiv
AV-02115;A-00047;12.01.2017;Typ B;1.974,17;aktiv
AV-02116;A-01483;06.03.2025;Typ A;1.844,12;aktiv
AV-02117;A-00969;22.07.2016;Typ C;1.925,30;aktiv
AV-02118;A-00103;04.08.2023;Typ B;2.113,93;aktiv
AV-02119;A-01753;21.09.2016;Typ B;994,94;gekuendigt
AV-02120;A-00033;19.06.2017;Typ A;2.365,12;aktiv
AV-02121;A-00640;19.09.2015;Typ B;3.457,03;aktiv
AV-02122;A-01023;18.10.2024;Typ A;2.801,62;aktiv
AV-02123;A-00822;02.03.2017;Typ C;4.022,17;gekuendigt
AV-02124;A-02095;08.12.2026;Typ B;2.780,07;gekuendigt
AV-02125;A-01572;23.12.2024;typ a;4.849,97;aktiv
AV-02126;A-01977;11.10.2019;Typ C;3.107,19;aktiv
AV-02127;A-01010;03.11.2016;Typ A;2.341,54;aktiv
AV-02128;A-01296;23.01.2022;Typ B;594,58;gekuendigt
AV-02129;A-01243;13.09.2018;Typ A;2.466,37;aktiv
AV-02130;A-00841;01.03.2025;typ c;2.342,23;aktiv
AV-02131;A-02490;03.10.2016;Typ B;3.368,91;aktiv
AV-02132;A-00038;16.09.2024;Typ A;877,10;aktiv
AV-02133;A-01947;16.09.2021;Typ B;896,49;gekuendigt
AV-02134;A-02300;19.09.2020;Typ A;4.971,83;aktiv
AV-02135;A-02487;11.09.2025;Typ B;153,17;aktiv
AV-02136;A-01328;26.11.2025;Typ A;401,58;aktiv
AV-02137;A-01200;28.11.2015;Typ A;4.973,19;aktiv
AV-02138;A-01986;22.06.2024;Typ B;335,83;aktiv
AV-02139;A-00285;18.05.2017;Typ A;3.770,39;gekuendigt
AV-02140;A-01712;06.05.2019;Typ C;2.056,89;aktiv
AV-02141;A-02347;12.03.2018;Typ C;3.115,23;aktiv
AV-02142;A-02195;05.11.2018;typ b;3.735,90;gekuendigt
AV-02143;A-00934;28.04.2021;Typ C;2.798,98;gekuendigt
AV-02144;A-00759;11.02.2024;Typ A;1.414,53;aktiv
AV-02145;A-00219;18.03.2020;Typ B;3.653,74;gekuendigt
AV-02146;A-02138;13.06.2017;Typ A;2.940,90;aktiv
AV-02147;A-02293;28.04.2024;Typ B;1.815,13;aktiv
AV-02148;A-01591;04.06.2025;Typ A;4.958,43;aktiv
AV-02149;A-02429;13.12.2023;Typ A;274,45;
AV-02150;A-01144;13.05.2023;Typ C;2.859,62;aktiv
AV-02151;A-01364;25.08.2020;Typ B;4.150,58;aktiv
AV-02152;A-01778;21.05.2018;typ b;4.407,09;gekuendigt
AV-02153;A-02369;27.02.2024;Typ A;2.483,90;aktiv
AV-02154;A-01371;17.04.2015;Typ C;1.768,03;aktiv
AV-02155;A-00937;27.02.2015;typ a;2.063,47;aktiv
AV-02156;A-01789;04.08.2019;Typ A;1.739,67;aktiv
AV-02157;A-00150;12.03.2026;Typ B;1.190,17;aktiv
AV-02158;A-00757;04.09.2026;Typ A;2.217,31;gekuendigt
AV-02159;A-00638;20.01.2015;Typ A;4.256,03;aktiv
AV-02160;A-01636;10.02.2025;Typ C;3.993,40;aktiv
AV-02161;A-01551;15.03.2020;Typ A;2.716,68;gekuendigt
AV-02162;A-02011;17.10.2026;typ b;441,69;aktiv
AV-02163;A-02464;01.08.2017;Typ A;779,41;gekuendigt
AV-02164;A-02301;28.09.2023;Typ B;2.100,64;gekuendigt
AV-02165;A-00059;26.09.2020;Typ C;3.912,92;aktiv
AV-02166;A-00187;17.10.2020;Typ A;3.808,31;aktiv
AV-02167;A-02486;28.05.2019;Typ A;2.539,65;aktiv
AV-02168;A-02169;22.12.2020;Typ A;3.216,04;aktiv
AV-02169;A-00951;26.06.2021;Typ C;3.969,90;gekuendigt
AV-02170;A-00477;17.03.2019;Typ A;4.796,32;gekuendigt
AV-02171;A-00425;14.12.2016;Typ C;273,17;gekuendigt
AV-02172;A-01071;02.01.2015;Typ A;1.638,18;aktiv
AV-02173;A-00670;08.11.2024;Typ A;1.296,64;aktiv
AV-02174;A-01570;28.06.2016;Typ A;1.160,47;aktiv
AV-02175;A-02283;17.01.2022;typ a;3.220,07;aktiv
AV-02176;A-02349;04.11.2017;Typ A;1.529,16;aktiv
AV-02177;A-00232;13.07.2024;Typ B;4.976,24;
AV-02178;A-01537;08.12.2022;Typ A;4.509,51;aktiv
AV-02179;A-02175;21.05.2026;Typ A;3.772,47;
AV-02180;A-01943;23.12.2023;Typ A;1.938,85;aktiv
AV-02181;A-02108;07.09.2016;Typ C;988,44;
AV-02182;A-00319;05.12.2016;Typ A;455,14;aktiv
AV-02183;A-01107;01.11.2017;Typ B;3.176,73;aktiv
AV-02184;A-00262;03.01.2026;Typ B;2.164,53;aktiv
AV-02185;A-02235;18.12.2018;Typ B;267,49;aktiv
AV-02186;A-01147;17.07.2022;Typ B;3.376,01;aktiv
AV-02187;A-02376;16.06.2017;Typ B;1.412,65;gekuendigt
AV-02188;A-01434;09.11.2023;Typ B;1.987,71;gekuendigt
AV-02189;A-00127;05.06.2015;Typ B;2.628,00;aktiv
AV-02190;A-00486;15.12.2025;Typ A;3.339,74;aktiv
AV-02191;A-02496;02.07.2016;Typ B;1.031,01;aktiv
AV-02192;A-00533;16.11.2016;Typ A;2.367,26;aktiv
AV-02193;A-02443;24.12.2022;Typ A;2.887,75;aktiv
AV-02194;A-00710;11.01.2017;Typ A;902,68;gekuendigt
AV-02195;A-01090;24.04.2024;Typ A;980,28;
AV-02196;A-02200;22.06.2021;typ c;515,51;aktiv
AV-02197;A-02231;05.09.2023;Typ A;957,83;aktiv
AV-02198;A-01485;26.04.2026;Typ B;4.488,43;aktiv
AV-02199;A-02109;09.05.2023;Typ A;2.522,15;aktiv
AV-02200;A-00697;16.12.2026;Typ A;4.069,97;aktiv
AV-02201;A-00053;11.10.2015;Typ A;1.381,40;gekuendigt
AV-02202;A-00578;23.10.2022;Typ B;1.025,23;aktiv
AV-02203;A-00060;01.08.2024;Typ A;995,50;aktiv
AV-02204;A-00492;08.06.2015;Typ B;3.040,09;aktiv
AV-02205;A-00745;04.12.2022;Typ A;3.583,41;gekuendigt
AV-02206;A-01320;18.10.2017;Typ C;2.666,88;aktiv
AV-02207;A-00229;25.11.2015;Typ C;803,37;aktiv
AV-02208;A-01936;28.12.2026;Typ A;1.063,94;aktiv
AV-02209;A-00479;25.05.2015;Typ B;3.091,91;gekuendigt
AV-02210;A-01844;17.09.2022;Typ B;2.909,27;aktiv
AV-02211;A-00351;24.12.2018;Typ B;4.410,80;aktiv
AV-02212;A-01021;08.03.2020;Typ B;2.062,58;aktiv
AV-02213;A-00242;01.04.2015;Typ A;1.615,20;gekuendigt
AV-02214;A-00994;27.02.2025;Typ B;4.002,11;aktiv
AV-02215;A-01858;12.02.2022;Typ C;940,57;aktiv
AV-02216;A-01324;28.10.2026;Typ A;3.927,88;aktiv
AV-02217;A-00272;19.12.2017;Typ B;3.370,44;aktiv
AV-02218;A-01668;09.08.2018;Typ B;3.714,37;aktiv
AV-02219;A-01396;01.04.2024;Typ B;4.962,07;aktiv
AV-02220;A-02317;16.10.2025;Typ A;4.841,96;aktiv
AV-02221;A-00662;05.11.2015;Typ B;710,46;aktiv
AV-02222;A-00849;15.12.2025;Typ A;3.800,40;aktiv
AV-02223;A-02176;25.10.2016;Typ B;582,80;aktiv
AV-02224;A-00325;05.02.2021;Typ C;352,98;aktiv
AV-02225;A-01323;05.08.2015;Typ B;3.359,33;
AV-02226;A-00341;07.04.2022;typ c;3.771,85;aktiv
AV-02227;A-01178;07.10.2019;Typ A;1.785,97;aktiv
AV-02228;A-00647;15.03.2025;Typ B;3.375,95;aktiv
AV-02229;A-02291;05.02.2023;Typ B;1.517,92;aktiv
AV-02230;A-02287;26.01.2019;Typ B;2.064,70;aktiv
AV-02231;A-02444;19.01.2020;Typ B;4.912,62;aktiv
AV-02232;A-01716;05.07.2019;typ a;4.142,71;aktiv
AV-02233;A-01809;24.06.2020;Typ A;3.986,23;gekuendigt
AV-02234;A-01774;01.11.2026;Typ C;1.190,90;aktiv
AV-02235;A-02130;05.06.2024;Typ B;2.979,78;gekuendigt
AV-02236;A-01220;15.04.2016;Typ A;1.485,99;aktiv
AV-02237;A-02159;11.09.2020;Typ B;2.028,74;aktiv
AV-02238;A-01700;28.04.2017;Typ A;4.716,34;gekuendigt
AV-02239;A-00251;05.01.2017;Typ C;4.661,40;aktiv
AV-02240;A-00170;06.10.2020;Typ B;2.854,01;aktiv
AV-02241;A-00902;20.10.2017;Typ A;3.636,38;gekuendigt
AV-02242;A-01105;28.07.2021;Typ B;2.149,85;aktiv
AV-02243;A-00064;21.09.2019;Typ C;669,14;aktiv
AV-02244;A-00280;21.11.2017;Typ B;1.225,91;aktiv
AV-02245;A-00075;08.01.2019;Typ A;231,77;aktiv
AV-02246;A-00303;19.08.2021;typ c;3.253,22;aktiv
AV-02247;A-02009;03.10.2019;Typ A;3.012,10;aktiv
AV-02248;A-00734;10.06.2020;Typ A;986,54;
AV-02249;A-02325;05.02.2022;Typ C;1.367,83;aktiv
AV-02250;A-01560;18.01.2016;Typ A;724,77;
AV-02251;A-01794;07.01.2016;Typ A;4.570,62;aktiv
AV-02252;A-01653;04.04.2023;Typ A;1.489,42;gekuendigt
AV-02253;A-02454;14.03.2022;Typ B;2.790,21;aktiv
AV-02254;A-01351;12.11.2026;Typ A;868,44;aktiv
AV-02255;A-01542;11.02.2026;Typ B;2.397,76;aktiv
AV-02256;A-00057;15.07.2015;Typ A;411,33;aktiv
AV-02257;A-02255;02.02.2020;Typ C;1.545,47;gekuendigt
AV-02258;A-02413;10.08.2019;Typ A;2.092,99;aktiv
AV-02259;A-02125;01.01.2018;Typ B;1.031,37;aktiv
AV-02260;A-01003;12.11.2023;Typ A;3.561,53;aktiv
AV-02261;A-00466;07.01.2022;Typ A;176,51;aktiv
AV-02262;A-01649;20.04.2025;Typ A;4.139,54;gekuendigt
AV-02263;A-02104;27.05.2022;Typ A;2.059,08;gekuendigt
AV-02264;A-00997;19.06.2016;Typ A;1.316,66;aktiv
AV-02265;A-00227;02.01.2022;Typ A;1.440,12;aktiv
AV-02266;A-01258;11.05.2016;typ b;270,93;aktiv
AV-02267;A-01671;15.01.2016;Typ B;3.382,70;aktiv
AV-02268;A-00793;01.01.2019;Typ B;1.424,07;aktiv
AV-02269;A-02170;27.02.2023;Typ B;3.822,84;gekuendigt
AV-02270;A-02203;09.12.2025;Typ B;1.677,98;aktiv
AV-02271;A-00857;11.02.2026;Typ B;355,14;aktiv
AV-02272;A-01287;26.01.2023;Typ B;3.285,93;aktiv
AV-02273;A-00114;26.07.2022;Typ B;4.950,03;aktiv
AV-02274;A-01212;07.02.2025;typ b;2.279,23;aktiv
AV-02275;A-02356;20.07.2021;Typ B;1.569,19;aktiv
AV-02276;A-01042;05.02.2021;typ a;1.540,28;aktiv
AV-02277;A-00345;09.10.2022;Typ A;4.179,94;aktiv
AV-02278;A-01175;07.03.2021;Typ B;4.840,15;aktiv
AV-02279;A-01040;19.05.2024;Typ B;702,60;aktiv
AV-02280;A-00587;23.02.2015;Typ C;1.430,95;gekuendigt
AV-02281;A-01345;01.03.2025;Typ A;397,26;aktiv
AV-02282;A-02434;04.03.2023;Typ A;416,37;aktiv
AV-02283;A-01501;01.11.2025;Typ B;3.353,13;aktiv
AV-02284;A-01640;08.02.2023;Typ A;3.553,81;aktiv
AV-02285;A-00514;17.10.2023;Typ C;3.933,19;aktiv
AV-02286;A-00588;03.02.2017;Typ C;4.818,22;aktiv
AV-02287;A-00411;21.09.2023;Typ B;1.555,37;aktiv
AV-02288;A-00352;18.02.2015;Typ C;4.486,69;aktiv
AV-02289;A-00907;25.03.2017;Typ A;4.742,00;gekuendigt
AV-02290;A-01882;24.09.2023;Typ C;2.919,77;aktiv
AV-02291;A-01760;15.06.2023;Typ C;2.764,63;aktiv
AV-02292;A-00644;18.05.2015;Typ A;2.450,39;aktiv
AV-02293;A-00891;27.03.2016;Typ A;2.882,63;aktiv
AV-02294;A-01501;25.02.2021;Typ B;557,56;aktiv
AV-02295;A-01871;27.11.2022;Typ B;3.988,60;aktiv
AV-02296;A-00697;17.09.2021;Typ A;3.672,10;aktiv
AV-02297;A-00039;22.08.2025;Typ B;1.445,60;aktiv
AV-02298;A-02265;04.12.2018;Typ A;3.983,78;aktiv
AV-02299;A-00284;12.02.2021;Typ A;2.547,62;aktiv
AV-02300;A-00601;16.03.2018;Typ A;4.484,75;
AV-02301;A-00562;11.04.2023;Typ B;1.867,11;aktiv
AV-02302;A-01634;26.10.2022;Typ C;3.344,36;aktiv
AV-02303;A-00577;21.05.2017;Typ A;3.083,02;aktiv
AV-02304;A-01277;27.05.2025;Typ B;2.011,09;aktiv
AV-02305;A-01570;14.10.2019;Typ A;2.347,34;aktiv
AV-02306;A-01340;01.08.2016;Typ A;1.789,39;aktiv
AV-02307;A-00426;19.06.2017;Typ B;4.153,77;aktiv
AV-02308;A-00423;05.09.2023;typ a;4.843,16;gekuendigt
AV-02309;A-00363;18.05.2018;Typ A;3.528,94;aktiv
AV-02310;A-01637;05.07.2015;Typ C;2.066,66;aktiv
AV-02311;A-00952;20.08.2023;Typ B;2.210,84;aktiv
AV-02312;A-00295;10.02.2016;Typ A;4.993,75;aktiv
AV-02313;A-02033;12.04.2026;Typ B;4.937,61;aktiv
AV-02314;A-00558;23.04.2017;Typ A;1.278,35;aktiv
AV-02315;A-01801;11.01.2021;Typ A;1.355,83;gekuendigt
AV-02316;A-00498;17.09.2020;typ a;1.762,39;gekuendigt
AV-02317;A-02466;12.03.2015;Typ C;1.500,32;aktiv
AV-02318;A-00038;04.05.2017;Typ B;2.230,25;aktiv
AV-02319;A-00045;10.12.2018;Typ A;3.970,34;aktiv
AV-02320;A-01894;25.08.2016;Typ B;4.498,39;gekuendigt
AV-02321;A-02208;05.09.2016;typ b;3.033,55;aktiv
AV-02322;A-00944;02.11.2023;Typ B;4.788,67;aktiv
AV-02323;A-00560;27.08.2021;typ b;619,96;aktiv
AV-02324;A-00321;17.07.2019;Typ C;657,24;aktiv
AV-02325;A-02031;06.10.2020;Typ C;3.188,96;gekuendigt
AV-02326;A-00893;20.07.2023;Typ B;3.144,42;gekuendigt
AV-02327;A-00005;13.10.2026;Typ B;2.815,33;aktiv
AV-02328;A-00388;19.07.2023;Typ A;4.478,74;aktiv
AV-02329;A-00371;09.10.2020;Typ C;4.047,36;aktiv
AV-02330;A-01828;05.10.2016;Typ B;3.445,69;aktiv
AV-02331;A-00974;12.08.2025;Typ A;4.654,43;gekuendigt
AV-02332;A-01302;04.06.2015;Typ A;531,24;aktiv
AV-02333;A-01690;27.04.2015;Typ B;3.800,63;aktiv
AV-02334;A-00215;14.04.2021;Typ A;2.142,33;aktiv
AV-02335;A-00701;17.02.2017;Typ B;1.739,12;aktiv
AV-02336;A-01589;01.08.2021;Typ A;3.031,47;aktiv
AV-02337;A-00336;10.03.2019;Typ B;2.964,76;aktiv
AV-02338;A-01051;13.07.2019;Typ B;1.478,76;gekuendigt
AV-02339;A-01539;14.10.2023;Typ A;2.140,73;aktiv
AV-02340;A-00381;06.05.2021;Typ A;3.983,94;aktiv
AV-02341;A-01158;16.06.2021;Typ B;1.798,60;gekuendigt
AV-02342;A-00675;26.08.2024;Typ C;3.874,83;gekuendigt
AV-02343;A-01288;26.09.2018;Typ B;2.211,98;
AV-02344;A-00557;26.05.2020;Typ A;1.999,11;aktiv
AV-02345;A-00845;25.03.2025;Typ A;3.547,90;aktiv
AV-02346;A-01823;11.11.2021;Typ B;1.833,06;gekuendigt
AV-02347;A-00003;22.12.2015;typ a;4.299,54;aktiv
AV-02348;A-01946;06.05.2017;Typ C;4.021,23;aktiv
AV-02349;A-01876;22.12.2022;Typ B;2.096,00;aktiv
AV-02350;A-00672;13.02.2024;Typ A;533,47;aktiv
AV-02351;A-00520;12.02.2016;Typ C;4.281,17;gekuendigt
AV-02352;A-00073;26.09.2019;Typ B;2.032,99;aktiv
AV-02353;A-01958;04.01.2023;typ b;2.653,91;aktiv
AV-02354;A-00407;18.08.2026;Typ A;4.391,90;aktiv
AV-02355;A-00195;15.06.2024;typ c;4.501,74;gekuendigt
AV-02356;A-00202;05.08.2019;Typ C;2.131,46;aktiv
AV-02357;A-01471;26.11.2017;Typ A;864,28;aktiv
AV-02358;A-02062;07.01.2017;Typ B;1.259,72;aktiv
AV-02359;A-02419;08.06.2022;Typ A;3.527,71;aktiv
AV-02360;A-00551;15.01.2023;typ b;4.872,46;aktiv
AV-02361;A-02328;17.05.2020;Typ A;770,40;aktiv
AV-02362;A-01448;17.04.2026;Typ A;1.378,11;aktiv
AV-02363;A-01205;02.01.2019;Typ B;2.231,80;aktiv
AV-02364;A-01377;21.05.2020;typ b;3.737,87;gekuendigt
AV-02365;A-01130;05.02.2016;typ c;897,69;aktiv
AV-02366;A-02101;25.05.2022;Typ B;3.861,95;aktiv
AV-02367;A-00885;20.11.2022;Typ B;4.918,95;aktiv
AV-02368;A-01829;08.04.2021;typ b;3.278,56;aktiv
AV-02369;A-00911;06.08.2017;Typ A;4.357,91;aktiv
AV-02370;A-01699;06.11.2021;Typ C;4.504,04;aktiv
AV-02371;A-02278;18.11.2015;typ a;4.256,96;aktiv
AV-02372;A-00261;27.04.2021;Typ A;1.745,41;aktiv
AV-02373;A-01531;20.07.2015;Typ C;4.897,48;aktiv
AV-02374;A-01952;27.09.2023;Typ A;3.177,03;aktiv
AV-02375;A-02492;01.05.2018;typ a;4.616,04;aktiv
AV-02376;A-00014;04.12.2025;Typ B;3.618,50;aktiv
AV-02377;A-01399;10.09.2022;Typ B;474,76;aktiv
AV-02378;A-02073;09.05.2017;Typ A;3.399,63;aktiv
AV-02379;A-01941;02.07.2019;Typ C;1.169,79;aktiv
AV-02380;A-01575;03.12.2020;Typ B;3.154,77;aktiv
AV-02381;A-01181;01.02.2023;Typ B;3.306,92;gekuendigt
AV-02382;A-02194;11.11.2026;Typ A;3.039,42;aktiv
AV-02383;A-01719;17.09.2022;Typ B;4.389,55;
AV-02384;A-00380;19.10.2024;Typ A;2.993,68;aktiv
AV-02385;A-00314;20.12.2017;Typ A;4.967,06;aktiv
AV-02386;A-01929;05.12.2024;Typ C;657,57;gekuendigt
AV-02387;A-01602;09.03.2025;Typ A;326,68;aktiv
AV-02388;A-01770;18.10.2026;Typ B;1.999,49;aktiv
AV-02389;A-01131;07.03.2019;Typ C;3.296,18;aktiv
AV-02390;A-02473;08.09.2017;Typ A;3.992,89;aktiv
AV-02391;A-00597;22.11.2016;Typ B;295,91;gekuendigt
AV-02392;A-02079;07.10.2017;Typ C;2.657,84;aktiv
AV-02393;A-01675;19.12.2015;Typ B;1.178,64;aktiv
AV-02394;A-00627;01.02.2015;Typ A;1.002,29;aktiv
AV-02395;A-02146;17.12.2016;Typ A;2.254,76;aktiv
AV-02396;A-00119;27.09.2015;Typ B;3.406,64;aktiv
AV-02397;A-00247;23.08.2025;Typ A;204,34;aktiv
AV-02398;A-00408;12.04.2019;Typ A;600,76;aktiv
AV-02399;A-00538;18.04.2026;Typ A;1.698,72;aktiv
AV-02400;A-00635;17.10.2016;Typ B;3.962,92;aktiv
AV-02401;A-02097;05.11.2023;Typ A;1.650,25;gekuendigt
AV-02402;A-00240;27.06.2024;Typ B;623,64;aktiv
AV-02403;A-01861;15.01.2026;Typ C;2.110,75;aktiv
AV-02404;A-00649;11.05.2020;Typ C;3.003,38;aktiv
AV-02405;A-00900;01.06.2016;Typ C;373,47;aktiv
AV-02406;A-01393;14.07.2025;Typ A;508,05;gekuendigt
AV-02407;A-02025;10.06.2021;Typ C;3.588,45;aktiv
AV-02408;A-00860;01.05.2018;Typ C;2.777,02;aktiv
AV-02409;A-01029;09.10.2024;Typ B;2.426,75;aktiv
AV-02410;A-00877;25.06.2015;Typ B;1.094,04;aktiv
AV-02411;A-01698;18.05.2018;Typ A;2.741,33;aktiv
AV-02412;A-01513;06.07.2024;Typ A;2.376,70;aktiv
AV-02413;A-01442;14.09.2018;Typ B;2.672,19;aktiv
AV-02414;A-01624;17.08.2016;Typ C;3.353,00;aktiv
AV-02415;A-01346;12.02.2024;Typ A;4.043,83;aktiv
AV-02416;A-02448;28.08.2020;Typ A;2.354,18;aktiv
AV-02417;A-00711;08.10.2026;Typ A;4.724,85;aktiv
AV-02418;A-00812;15.06.2026;typ c;3.210,64;aktiv
AV-02419;A-01276;01.07.2017;typ a;531,50;gekuendigt
AV-02420;A-01936;05.06.2024;Typ C;3.952,23;aktiv
AV-02421;A-01117;04.06.2023;Typ B;2.366,05;aktiv
AV-02422;A-00196;05.12.2025;typ b;2.017,72;aktiv
AV-02423;A-01534;18.02.2016;Typ B;4.198,71;aktiv
AV-02424;A-01159;20.02.2019;Typ B;2.103,64;aktiv
AV-02425;A-02391;06.03.2019;Typ A;4.723,67;aktiv
AV-02426;A-02170;15.02.2024;Typ A;3.579,59;gekuendigt
AV-02427;A-01601;24.12.2019;Typ A;4.593,80;aktiv
AV-02428;A-02321;22.06.2023;Typ A;2.507,62;gekuendigt
AV-02429;A-01054;25.07.2020;Typ B;164,00;aktiv
AV-02430;A-01530;16.06.2017;Typ C;3.594,99;aktiv
AV-02431;A-01011;03.01.2026;Typ B;1.214,85;aktiv
AV-02432;A-02267;09.07.2020;Typ C;2.377,89;aktiv
AV-02433;A-00197;28.05.2017;typ c;4.960,62;aktiv
AV-02434;A-00859;11.10.2023;Typ C;4.444,57;aktiv
AV-02435;A-00783;16.02.2015;Typ B;4.734,80;gekuendigt
AV-02436;A-01632;23.03.2017;Typ A;2.345,23;aktiv
AV-02437;A-01776;13.02.2021;typ c;2.779,89;gekuendigt
AV-02438;A-01513;16.01.2020;Typ A;3.963,56;gekuendigt
AV-02439;A-00988;25.12.2025;Typ C;593,61;aktiv
AV-02440;A-02219;06.10.2015;Typ C;4.446,66;aktiv
AV-02441;A-01952;11.02.2025;typ a;542,22;gekuendigt
AV-02442;A-02346;08.06.2026;Typ C;4.331,64;aktiv
AV-02443;A-01869;07.03.2024;Typ A;2.392,52;gekuendigt
AV-02444;A-01302;22.06.2024;Typ A;4.791,36;aktiv
AV-02445;A-01125;03.11.2026;Typ C;2.933,91;aktiv
AV-02446;A-00418;23.06.2026;Typ A;4.082,03;aktiv
AV-02447;A-02135;15.09.2024;Typ A;2.843,36;aktiv
AV-02448;A-00312;05.06.2021;Typ B;1.503,29;aktiv
AV-02449;A-00586;27.07.2016;Typ B;4.802,78;aktiv
AV-02450;A-00629;16.03.2023;Typ A;1.657,64;aktiv
AV-02451;A-01859;25.12.2018;Typ A;1.400,41;aktiv
AV-02452;A-01874;22.09.2020;Typ B;1.225,63;aktiv
AV-02453;A-00526;07.05.2022;Typ C;3.950,81;aktiv
AV-02454;A-00992;17.05.2022;Typ B;4.145,70;aktiv
AV-02455;A-00238;17.07.2017;Typ A;4.330,91;gekuendigt
AV-02456;A-02341;24.01.2021;Typ A;1.089,72;aktiv
AV-02457;A-01182;10.05.2026;Typ C;2.591,39;aktiv
AV-02458;A-00134;26.06.2017;Typ A;4.617,52;aktiv
AV-02459;A-01927;13.05.2025;Typ C;2.769,93;aktiv
AV-02460;A-01309;27.08.2015;Typ A;1.492,00;aktiv
AV-02461;A-02490;20.08.2020;Typ A;538,30;gekuendigt
AV-02462;A-00259;19.04.2017;Typ A;4.149,56;aktiv
AV-02463;A-01545;25.06.2023;Typ A;356,15;aktiv
AV-02464;A-00210;01.12.2019;Typ B;3.060,43;gekuendigt
AV-02465;A-02328;04.02.2016;Typ B;2.611,43;aktiv
AV-02466;A-00974;01.11.2024;Typ A;4.056,39;aktiv
AV-02467;A-00573;13.11.2022;Typ A;3.558,08;aktiv
AV-02468;A-01843;23.07.2015;Typ B;4.608,98;
AV-02469;A-01107;03.12.2019;Typ B;4.991,32;gekuendigt
AV-02470;A-00316;06.03.2025;Typ A;1.671,67;aktiv
AV-02471;A-01316;28.06.2024;Typ C;201,29;gekuendigt
AV-02472;A-00426;03.01.2026;Typ A;1.785,71;gekuendigt
AV-02473;A-00087;26.06.2017;Typ B;3.479,01;aktiv
AV-02474;A-00892;11.10.2025;Typ A;1.520,22;gekuendigt
AV-02475;A-02288;25.02.2022;typ a;1.077,62;aktiv
AV-02476;A-02160;02.09.2024;Typ C;3.585,24;aktiv
AV-02477;A-01167;01.11.2020;Typ C;3.382,17;gekuendigt
AV-02478;A-02177;13.01.2015;Typ A;3.436,06;aktiv
AV-02479;A-02337;01.12.2019;Typ A;4.501,72;aktiv
AV-02480;A-01371;05.06.2019;Typ C;4.409,69;aktiv
AV-02481;A-00337;23.10.2023;Typ C;1.528,43;aktiv
AV-02482;A-02371;20.11.2019;Typ C;4.783,75;gekuendigt
AV-02483;A-01348;20.10.2020;Typ C;4.805,25;aktiv
AV-02484;A-01477;22.06.2018;Typ B;860,56;aktiv
AV-02485;A-01141;02.01.2016;Typ A;2.511,43;gekuendigt
AV-02486;A-01872;01.11.2015;Typ A;2.228,09;gekuendigt
AV-02487;A-02193;03.01.2023;Typ B;3.628,07;aktiv
AV-02488;A-01087;08.12.2015;Typ C;2.579,63;aktiv
AV-02489;A-01599;07.12.2017;Typ B;2.915,84;aktiv
AV-02490;A-01334;12.12.2024;Typ C;249,48;aktiv
AV-02491;A-02272;25.07.2022;Typ C;912,30;aktiv
AV-02492;A-01204;21.03.2018;Typ A;203,61;aktiv
AV-02493;A-00567;09.06.2021;Typ A;2.047,14;aktiv
AV-02494;A-00223;09.09.2022;Typ A;446,57;aktiv
AV-02495;A-00769;25.12.2024;Typ A;3.977,99;aktiv
AV-02496;A-01030;01.02.2016;Typ B;304,95;aktiv
AV-02497;A-00389;02.11.2021;Typ A;177,25;aktiv
AV-02498;A-00026;14.09.2023;Typ B;1.328,43;aktiv
AV-02499;A-01308;13.02.2016;Typ A;1.216,73;aktiv
AV-02500;A-01895;22.05.2015;Typ A;4.880,09;gekuendigt
AV-02501;A-00340;18.10.2020;Typ B;2.783,70;aktiv
AV-02502;A-00716;03.03.2024;Typ A;3.724,19;aktiv
AV-02503;A-01337;13.03.2019;Typ A;4.773,27;aktiv
AV-02504;A-01719;26.03.2025;Typ A;3.516,94;
AV-02505;A-01229;06.09.2020;typ a;2.390,43;aktiv
AV-02506;A-01888;20.12.2015;Typ A;4.550,55;aktiv
AV-02507;A-00749;08.03.2020;Typ B;2.821,04;aktiv
AV-02508;A-01914;06.12.2021;Typ A;4.007,02;aktiv
AV-02509;A-01994;12.02.2017;Typ C;2.693,50;aktiv
AV-02510;A-01492;24.08.2024;typ a;1.925,30;aktiv
AV-02511;A-01991;17.02.2016;Typ A;2.747,32;aktiv
AV-02512;A-01370;24.02.2023;Typ B;1.667,79;aktiv
AV-02513;A-00471;06.08.2026;Typ B;606,85;
AV-02514;A-02205;02.12.2015;Typ B;3.899,66;gekuendigt
AV-02515;A-01092;25.09.2022;Typ C;3.078,79;aktiv
AV-02516;A-00624;20.07.2023;typ c;2.616,32;aktiv
AV-02517;A-01787;09.09.2017;Typ A;4.428,03;gekuendigt
AV-02518;A-01614;17.02.2025;Typ A;3.653,56;aktiv
AV-02519;A-02071;06.01.2015;Typ B;3.132,95;aktiv
AV-02520;A-00551;05.04.2025;Typ B;904,11;aktiv
AV-02521;A-00198;16.05.2019;Typ C;3.325,94;aktiv
AV-02522;A-01563;24.09.2026;Typ A;2.194,08;gekuendigt
AV-02523;A-01291;20.10.2020;Typ B;3.550,34;aktiv
AV-02524;A-01999;24.11.2026;Typ A;325,16;aktiv
AV-02525;A-01533;23.05.2015;Typ B;1.212,23;aktiv
AV-02526;A-01734;16.08.2026;Typ A;4.662,28;aktiv
AV-02527;A-00679;12.04.2016;Typ B;350,93;aktiv
AV-02528;A-01621;03.09.2017;Typ A;4.448,73;aktiv
AV-02529;A-01329;01.04.2021;Typ B;4.150,66;aktiv
AV-02530;A-00672;27.04.2024;typ a;2.379,05;aktiv
AV-02531;A-00470;20.02.2024;Typ B;790,29;aktiv
AV-02532;A-00171;06.11.2015;Typ C;584,85;aktiv
AV-02533;A-00341;03.12.2025;Typ B;1.983,88;aktiv
AV-02534;A-00275;24.10.2017;Typ C;1.208,12;gekuendigt
AV-02535;A-01138;08.05.2015;Typ C;3.748,09;gekuendigt
AV-02536;A-01131;13.10.2016;Typ A;881,55;aktiv
AV-02537;A-01751;14.02.2018;Typ B;2.580,27;aktiv
AV-02538;A-01229;27.06.2023;Typ A;4.853,11;aktiv
AV-02539;A-00801;08.07.2015;Typ B;4.659,83;aktiv
AV-02540;A-00380;12.07.2023;Typ A;1.620,50;aktiv
AV-02541;A-02424;21.05.2019;Typ A;4.831,76;aktiv
AV-02542;A-00055;10.11.2018;typ b;1.064,54;aktiv
AV-02543;A-02430;01.06.2021;Typ A;3.081,91;aktiv
AV-02544;A-00705;28.03.2018;Typ A;803,24;gekuendigt
AV-02545;A-00312;10.02.2016;Typ C;1.390,27;aktiv
AV-02546;A-01096;27.03.2025;Typ B;4.713,07;aktiv
AV-02547;A-00020;22.05.2020;Typ A;3.444,01;gekuendigt
AV-02548;A-00225;18.01.2025;Typ B;4.753,35;aktiv
AV-02549;A-00036;04.10.2025;Typ B;4.661,98;aktiv
AV-02550;A-00542;10.12.2018;Typ C;3.599,40;aktiv
AV-02551;A-01050;13.11.2024;typ a;1.124,91;aktiv
AV-02552;A-01964;24.03.2018;Typ C;4.948,22;gekuendigt
AV-02553;A-01245;22.06.2017;typ a;2.728,40;aktiv
AV-02554;A-00928;27.04.2019;typ a;3.494,19;aktiv
AV-02555;A-01742;28.06.2026;Typ B;2.572,62;aktiv
AV-02556;A-00079;12.05.2026;Typ C;3.925,06;aktiv
AV-02557;A-00200;22.10.2026;Typ A;1.754,50;aktiv
AV-02558;A-01876;24.12.2024;Typ B;1.451,02;aktiv
AV-02559;A-00365;07.06.2025;Typ A;1.313,66;aktiv
AV-02560;A-00666;13.05.2022;Typ A;3.681,45;aktiv
AV-02561;A-00981;14.02.2021;Typ A;1.509,73;
AV-02562;A-01357;12.05.2020;Typ A;3.534,05;aktiv
AV-02563;A-00454;10.10.2020;Typ B;4.101,61;aktiv
AV-02564;A-02239;05.10.2021;Typ A;4.708,76;aktiv
AV-02565;A-00625;28.05.2021;Typ A;697,28;gekuendigt
AV-02566;A-00953;28.08.2015;Typ C;813,04;aktiv
AV-02567;A-00031;04.10.2026;Typ A;2.016,31;gekuendigt
AV-02568;A-02436;22.01.2019;Typ C;3.305,73;aktiv
AV-02569;A-01786;14.03.2018;Typ C;1.609,84;aktiv
AV-02570;A-00961;23.04.2019;Typ C;2.346,11;aktiv
AV-02571;A-02437;08.08.2025;Typ A;4.551,18;gekuendigt
AV-02572;A-00617;21.09.2015;Typ B;741,61;gekuendigt
AV-02573;A-02486;05.03.2020;Typ C;535,09;aktiv
AV-02574;A-00497;18.02.2022;Typ A;908,63;aktiv
AV-02575;A-01838;24.05.2025;Typ C;2.249,79;gekuendigt
AV-02576;A-00234;09.05.2022;Typ C;3.304,86;aktiv
AV-02577;A-01665;16.02.2015;Typ A;4.829,64;gekuendigt
AV-02578;A-00521;23.01.2025;Typ B;4.013,67;gekuendigt
AV-02579;A-00972;15.04.2017;Typ B;790,48;aktiv
AV-02580;A-02403;14.06.2025;Typ A;2.419,95;aktiv
AV-02581;A-02340;27.11.2015;Typ A;3.851,48;aktiv
AV-02582;A-00396;18.08.2017;Typ A;4.648,72;aktiv
AV-02583;A-01820;22.09.2025;Typ C;326,38;gekuendigt
AV-02584;A-01861;06.11.2022;Typ B;468,71;aktiv
AV-02585;A-01373;28.11.2022;Typ C;731,59;aktiv
AV-02586;A-00305;19.04.2019;Typ B;748,58;gekuendigt
AV-02587;A-01203;26.09.2021;Typ B;571,20;gekuendigt
AV-02588;A-00747;04.04.2015;typ a;3.168,81;aktiv
AV-02589;A-00901;25.09.2017;Typ A;4.546,45;aktiv
AV-02590;A-00130;19.03.2025;Typ B;4.301,33;aktiv
AV-02591;A-01666;24.03.2020;Typ A;3.134,55;gekuendigt
AV-02592;A-02433;07.11.2025;Typ C;869,54;aktiv
AV-02593;A-00589;08.08.2026;Typ B;1.072,00;aktiv
AV-02594;A-01085;01.03.2024;Typ A;4.286,39;aktiv
AV-02595;A-00037;08.06.2018;Typ A;2.202,65;aktiv
AV-02596;A-01985;16.01.2020;Typ A;4.550,88;aktiv
AV-02597;A-01461;17.01.2022;Typ A;3.094,60;aktiv
AV-02598;A-00989;26.09.2016;Typ A;4.289,67;aktiv
AV-02599;A-00607;16.01.2016;Typ A;2.072,66;aktiv
AV-02600;A-02422;18.04.2023;Typ B;3.215,78;aktiv
AV-02601;A-01452;22.08.2016;Typ B;3.206,79;gekuendigt
AV-02602;A-01726;28.09.2019;Typ A;2.102,31;aktiv
AV-02603;A-01721;05.05.2022;typ a;4.901,44;gekuendigt
AV-02604;A-00387;05.03.2026;Typ C;4.610,27;aktiv
AV-02605;A-01926;25.02.2025;Typ B;1.380,72;aktiv
AV-02606;A-00621;28.11.2023;Typ B;898,27;gekuendigt
AV-02607;A-01249;28.11.2025;Typ A;3.711,12;aktiv
AV-02608;A-01714;06.07.2015;typ c;3.146,97;gekuendigt
AV-02609;A-00846;21.06.2018;Typ A;2.039,61;gekuendigt
AV-02610;A-02424;16.12.2025;Typ C;1.336,51;gekuendigt
AV-02611;A-01898;02.09.2016;Typ A;3.465,82;aktiv
AV-02612;A-00150;01.04.2016;Typ B;1.678,99;gekuendigt
AV-02613;A-00888;21.02.2019;Typ B;870,21;gekuendigt
AV-02614;A-00384;25.04.2016;typ a;2.096,27;aktiv
AV-02615;A-01340;13.11.2019;Typ A;4.166,63;aktiv
AV-02616;A-00268;03.07.2020;Typ A;1.492,72;aktiv
AV-02617;A-01219;09.06.2020;Typ B;4.026,52;gekuendigt
AV-02618;A-00791;12.02.2025;Typ A;4.890,17;aktiv
AV-02619;A-01395;25.10.2016;Typ C;1.809,77;aktiv
AV-02620;A-01611;22.10.2015;Typ A;3.646,35;aktiv
AV-02621;A-00868;11.10.2018;Typ B;2.558,76;gekuendigt
AV-02622;A-02229;26.08.2015;typ a;814,88;
AV-02623;A-01832;22.03.2021;Typ A;3.170,33;aktiv
AV-02624;A-00053;24.03.2016;Typ B;875,91;aktiv
AV-02625;A-00944;08.10.2018;Typ B;2.235,48;gekuendigt
AV-02626;A-01810;18.08.2021;typ b;2.351,43;aktiv
AV-02627;A-00626;07.08.2023;Typ A;2.217,86;gekuendigt
AV-02628;A-00098;26.02.2018;Typ B;3.886,88;aktiv
AV-02629;A-01766;22.07.2025;Typ B;2.382,85;aktiv
AV-02630;A-01397;18.09.2024;Typ B;3.296,43;aktiv
AV-02631;A-01356;07.11.2018;Typ C;3.471,95;gekuendigt
AV-02632;A-01225;10.12.2026;Typ A;3.072,70;aktiv
AV-02633;A-01416;10.06.2021;Typ A;4.775,99;aktiv
AV-02634;A-01359;11.11.2024;Typ A;754,74;aktiv
AV-02635;A-00809;03.10.2016;Typ A;264,07;aktiv
AV-02636;A-01170;10.05.2021;Typ B;2.362,06;gekuendigt
AV-02637;A-02169;23.01.2022;Typ A;830,36;gekuendigt
AV-02638;A-01496;10.07.2022;typ a;3.377,10;aktiv
AV-02639;A-02151;19.05.2021;Typ A;2.333,17;aktiv
AV-02640;A-00400;27.07.2016;Typ A;4.469,05;aktiv
AV-02641;A-01327;28.05.2015;Typ A;261,81;aktiv
AV-02642;A-01123;08.12.2020;Typ B;332,53;aktiv
AV-02643;A-02048;14.10.2019;Typ B;4.820,00;aktiv
AV-02644;A-01354;19.11.2016;Typ B;816,16;aktiv
AV-02645;A-01135;07.06.2018;Typ A;1.949,16;aktiv
AV-02646;A-01939;12.03.2015;Typ A;933,33;aktiv
AV-02647;A-01264;07.11.2021;Typ A;1.288,64;aktiv
AV-02648;A-01834;10.10.2020;Typ C;3.160,71;aktiv
AV-02649;A-02207;20.06.2024;Typ A;4.624,63;aktiv
AV-02650;A-01549;10.04.2021;Typ C;3.805,54;gekuendigt
AV-02651;A-00910;08.12.2019;Typ A;1.398,38;aktiv
AV-02652;A-01550;04.10.2019;Typ A;4.650,81;aktiv
AV-02653;A-00801;27.04.2024;Typ B;4.309,97;aktiv
AV-02654;A-00158;08.05.2022;Typ B;1.457,75;aktiv
AV-02655;A-02417;25.09.2015;Typ B;3.338,31;aktiv
AV-02656;A-02047;02.04.2017;Typ B;2.577,45;aktiv
AV-02657;A-00474;24.08.2026;typ c;4.943,39;aktiv
AV-02658;A-01708;25.11.2023;typ c;2.975,79;gekuendigt
AV-02659;A-01914;06.04.2016;Typ A;188,68;gekuendigt
AV-02660;A-00385;05.08.2024;typ a;990,68;gekuendigt
AV-02661;A-00707;11.08.2015;Typ A;4.280,38;aktiv
AV-02662;A-01024;23.11.2019;typ b;1.947,14;aktiv
AV-02663;A-00805;28.03.2024;Typ B;330,87;aktiv
AV-02664;A-00240;19.05.2019;Typ A;1.626,28;gekuendigt
AV-02665;A-01647;20.12.2017;Typ A;414,85;aktiv
AV-02666;A-00109;04.06.2026;Typ A;706,77;aktiv
AV-02667;A-02344;28.06.2022;Typ A;1.877,76;aktiv
AV-02668;A-00446;11.04.2021;Typ B;3.195,82;gekuendigt
AV-02669;A-00078;14.09.2015;Typ C;532,57;aktiv
AV-02670;A-00267;09.02.2018;typ b;2.829,87;aktiv
AV-02671;A-00479;13.06.2026;Typ A;560,51;aktiv
AV-02672;A-00079;12.09.2023;Typ A;1.142,81;gekuendigt
AV-02673;A-01604;06.07.2018;Typ C;3.743,18;aktiv
AV-02674;A-00971;10.04.2018;typ b;1.038,09;aktiv
AV-02675;A-01224;01.02.2025;Typ A;3.366,94;aktiv
AV-02676;A-01559;24.09.2021;Typ B;4.034,83;aktiv
AV-02677;A-01475;02.01.2023;Typ B;4.522,79;
AV-02678;A-00122;23.12.2020;Typ C;2.910,04;aktiv
AV-02679;A-00551;05.01.2024;Typ C;3.321,02;aktiv
AV-02680;A-01794;10.08.2022;Typ A;1.427,96;gekuendigt
AV-02681;A-00032;27.04.2019;Typ A;902,55;aktiv
AV-02682;A-02302;06.01.2020;Typ A;2.861,56;gekuendigt
AV-02683;A-01639;11.07.2021;Typ A;3.795,29;aktiv
AV-02684;A-02321;07.04.2017;typ a;4.970,98;aktiv
AV-02685;A-02080;05.01.2018;Typ A;1.751,42;aktiv
AV-02686;A-01170;07.04.2016;Typ C;1.264,15;aktiv
AV-02687;A-01597;15.07.2019;Typ A;3.710,21;aktiv
AV-02688;A-00902;12.08.2021;Typ C;201,92;gekuendigt
AV-02689;A-01858;20.08.2017;Typ B;3.791,88;aktiv
AV-02690;A-02226;06.01.2026;Typ A;1.945,45;aktiv
AV-02691;A-02055;24.04.2017;Typ B;3.882,48;gekuendigt
AV-02692;A-01985;01.04.2017;Typ A;3.626,18;gekuendigt
AV-02693;A-00145;05.01.2017;Typ B;2.373,50;gekuendigt
AV-02694;A-01542;26.12.2024;Typ C;3.887,28;aktiv
AV-02695;A-01322;06.03.2026;Typ B;792,15;aktiv
AV-02696;A-01835;15.01.2020;Typ C;3.652,73;gekuendigt
AV-02697;A-02086;18.11.2019;Typ B;3.914,51;
AV-02698;A-00194;21.11.2022;Typ B;1.707,41;aktiv
AV-02699;A-00539;26.10.2016;Typ C;4.688,22;aktiv
AV-02700;A-01298;13.01.2019;Typ A;2.776,88;aktiv
AV-02701;A-00253;26.03.2022;Typ B;3.200,27;aktiv
AV-02702;A-00577;05.03.2016;Typ A;344,50;gekuendigt
AV-02703;A-00963;13.06.2026;Typ A;2.738,82;aktiv
AV-02704;A-00482;24.12.2023;Typ A;1.349,92;aktiv
AV-02705;A-01642;19.08.2018;typ b;520,10;aktiv
AV-02706;A-01425;03.02.2017;Typ C;728,25;aktiv
AV-02707;A-02368;08.01.2023;Typ B;4.915,22;aktiv
AV-02708;A-01396;02.10.2026;Typ B;4.470,65;gekuendigt
AV-02709;A-01395;28.01.2022;Typ C;1.563,04;aktiv
AV-02710;A-01865;20.04.2025;Typ A;652,31;gekuendigt
AV-02711;A-01915;23.05.2024;Typ A;3.051,16;aktiv
AV-02712;A-01441;04.08.2016;typ a;839,21;aktiv
AV-02713;A-01686;09.12.2021;Typ A;2.854,15;aktiv
AV-02714;A-01756;28.06.2015;Typ A;850,06;aktiv
AV-02715;A-01067;11.11.2021;Typ B;1.414,26;
AV-02716;A-00260;07.04.2021;typ b;157,31;aktiv
AV-02717;A-01981;10.04.2018;Typ A;2.297,67;gekuendigt
AV-02718;A-01374;17.05.2015;Typ C;2.570,61;aktiv
AV-02719;A-01261;09.01.2020;Typ B;4.051,53;aktiv
AV-02720;A-01643;22.10.2020;Typ A;2.611,31;aktiv
AV-02721;A-01334;07.06.2024;Typ B;2.323,75;aktiv
AV-02722;A-01499;13.03.2026;Typ A;3.340,97;aktiv
AV-02723;A-02333;11.12.2024;Typ A;1.449,84;aktiv
AV-02724;A-02256;11.08.2022;Typ B;926,09;aktiv
AV-02725;A-01375;14.01.2017;Typ A;2.086,93;aktiv
AV-02726;A-02492;05.10.2017;Typ A;1.939,09;aktiv
AV-02727;A-02112;19.03.2017;Typ A;495,98;gekuendigt
AV-02728;A-01030;02.04.2021;Typ A;1.691,07;aktiv
AV-02729;A-01583;13.10.2026;Typ A;1.335,16;aktiv
AV-02730;A-02065;14.11.2017;Typ A;3.168,75;aktiv
AV-02731;A-00808;14.01.2017;Typ A;1.775,84;aktiv
AV-02732;A-00601;21.01.2023;Typ B;1.797,27;aktiv
AV-02733;A-01364;08.02.2026;Typ B;3.837,37;aktiv
AV-02734;A-00937;18.10.2019;Typ C;1.238,58;gekuendigt
AV-02735;A-01375;03.11.2016;Typ A;886,42;gekuendigt
AV-02736;A-01861;12.02.2017;Typ B;2.630,10;gekuendigt
AV-02737;A-00900;12.12.2016;Typ B;4.368,19;aktiv
AV-02738;A-01131;13.08.2023;Typ A;190,92;aktiv
AV-02739;A-02399;11.09.2016;Typ A;2.755,58;aktiv
AV-02740;A-00000;27.03.2019;Typ C;154,66;aktiv
AV-02741;A-00086;17.10.2017;Typ C;2.564,47;aktiv
AV-02742;A-00711;27.04.2022;Typ A;1.737,37;aktiv
AV-02743;A-00040;13.11.2021;Typ A;4.370,55;aktiv
AV-02744;A-00337;20.02.2026;Typ A;777,11;aktiv
AV-02745;A-02225;20.02.2017;Typ A;4.661,29;gekuendigt
AV-02746;A-00016;07.02.2017;Typ A;1.632,35;aktiv
AV-02747;A-02460;20.03.2019;Typ A;1.202,25;gekuendigt
AV-02748;A-00537;16.12.2019;Typ C;4.597,63;aktiv
AV-02749;A-00787;03.02.2026;Typ B;3.132,74;aktiv
AV-02750;A-01928;20.10.2021;typ b;3.122,89;aktiv
AV-02751;A-02358;21.02.2023;Typ A;3.536,80;aktiv
AV-02752;A-02055;02.01.2023;Typ A;2.245,16;aktiv
AV-02753;A-02297;24.12.2026;Typ A;160,34;aktiv
AV-02754;A-01278;06.12.2018;Typ B;1.087,95;aktiv
AV-02755;A-01426;11.01.2016;Typ B;1.734,19;aktiv
AV-02756;A-01429;08.09.2018;Typ B;159,27;aktiv
AV-02757;A-00235;14.03.2026;typ c;3.137,33;aktiv
AV-02758;A-01150;02.10.2024;Typ A;2.080,82;aktiv
AV-02759;A-00390;25.08.2017;Typ A;1.333,72;aktiv
AV-02760;A-00662;28.04.2023;Typ B;4.480,84;aktiv
AV-02761;A-02224;27.04.2018;Typ B;4.515,62;aktiv
AV-02762;A-00624;04.11.2020;Typ C;4.822,85;gekuendigt
AV-02763;A-00640;13.03.2021;typ b;1.351,99;aktiv
AV-02764;A-00750;03.01.2016;Typ A;3.369,55;aktiv
AV-02765;A-01426;23.04.2018;Typ B;630,87;aktiv
AV-02766;A-01422;08.12.2023;Typ A;1.056,15;aktiv
AV-02767;A-00543;17.02.2026;typ b;3.585,00;aktiv
AV-02768;A-00193;13.01.2026;Typ C;2.489,05;aktiv
AV-02769;A-00811;14.01.2025;Typ B;3.658,26;gekuendigt
AV-02770;A-01206;21.01.2017;Typ C;2.760,40;aktiv
AV-02771;A-01220;08.05.2025;typ b;3.162,67;aktiv
AV-02772;A-02247;04.07.2022;typ b;2.590,36;aktiv
AV-02773;A-01757;19.07.2024;Typ C;3.269,77;aktiv
AV-02774;A-02048;22.06.2019;Typ B;3.711,96;aktiv
AV-02775;A-00238;05.12.2026;Typ B;1.977,82;aktiv
AV-02776;A-01605;13.09.2021;Typ B;3.116,43;aktiv
AV-02777;A-00093;11.03.2016;typ a;1.644,03;aktiv
AV-02778;A-02020;11.03.2024;Typ A;3.071,37;aktiv
AV-02779;A-00953;01.11.2025;Typ B;3.730,14;gekuendigt
AV-02780;A-01950;01.10.2024;Typ A;3.192,90;aktiv
AV-02781;A-02304;14.07.2024;Typ B;4.985,53;aktiv
AV-02782;A-00835;20.10.2022;Typ A;254,73;aktiv
AV-02783;A-02199;10.08.2024;Typ B;2.565,45;aktiv
AV-02784;A-01085;28.10.2025;Typ B;2.117,30;aktiv
AV-02785;A-02325;26.04.2023;Typ B;2.594,73;aktiv
AV-02786;A-00301;08.08.2021;Typ A;2.372,93;gekuendigt
AV-02787;A-01925;13.04.2020;Typ B;2.751,71;aktiv
AV-02788;A-01869;25.05.2021;Typ B;285,58;aktiv
AV-02789;A-02123;06.10.2015;Typ B;2.646,63;aktiv
AV-02790;A-02321;06.06.2015;Typ A;4.455,00;aktiv
AV-02791;A-01584;15.03.2021;Typ A;2.091,04;aktiv
AV-02792;A-01580;27.01.2015;Typ B;1.462,21;gekuendigt
AV-02793;A-00135;04.09.2020;Typ B;152,64;gekuendigt
AV-02794;A-01310;07.09.2024;Typ C;4.051,81;aktiv
AV-02795;A-00798;27.11.2019;Typ B;1.299,26;aktiv
AV-02796;A-01412;27.05.2022;Typ C;4.974,99;aktiv
AV-02797;A-00817;01.04.2021;Typ A;4.806,64;aktiv
AV-02798;A-01744;01.01.2015;typ a;3.446,34;aktiv
AV-02799;A-00382;04.07.2025;Typ B;4.366,78;aktiv
AV-02800;A-01684;01.04.2025;typ c;4.759,03;aktiv
AV-02801;A-02493;09.09.2016;typ b;1.079,17;aktiv
AV-02802;A-02427;28.11.2023;typ c;1.576,82;aktiv
AV-02803;A-01882;25.09.2015;Typ B;3.646,91;aktiv
AV-02804;A-01438;16.09.2016;Typ A;4.409,21;gekuendigt
AV-02805;A-00225;21.02.2015;Typ B;2.224,47;gekuendigt
AV-02806;A-01079;08.01.2016;Typ A;1.583,79;gekuendigt
AV-02807;A-01965;20.03.2019;Typ B;359,84;aktiv
AV-02808;A-00370;14.06.2025;Typ B;4.656,26;gekuendigt
AV-02809;A-00840;10.03.2020;Typ C;1.982,47;aktiv
AV-02810;A-01189;11.02.2017;Typ C;3.114,72;aktiv
AV-02811;A-01863;11.03.2022;Typ C;3.875,37;aktiv
AV-02812;A-01370;20.02.2017;typ a;1.294,17;gekuendigt
AV-02813;A-00656;10.11.2025;Typ A;292,59;aktiv
AV-02814;A-00996;10.07.2022;typ b;3.470,96;aktiv
AV-02815;A-01086;20.04.2024;Typ A;978,00;gekuendigt
AV-02816;A-01744;08.09.2018;Typ A;2.522,13;aktiv
AV-02817;A-01905;11.05.2017;Typ B;1.208,08;aktiv
AV-02818;A-01202;01.01.2024;Typ B;2.062,77;aktiv
AV-02819;A-00495;23.02.2016;Typ B;1.298,62;aktiv
AV-02820;A-00988;15.11.2017;Typ B;2.214,15;aktiv
AV-02821;A-01428;24.09.2025;Typ A;1.830,55;aktiv
AV-02822;A-01402;18.06.2025;Typ A;1.027,58;aktiv
AV-02823;A-02492;27.11.2017;Typ A;3.607,09;aktiv
AV-02824;A-01310;17.02.2021;Typ A;1.935,98;aktiv
AV-02825;A-00605;11.01.2016;typ c;2.716,10;aktiv
AV-02826;A-00665;20.05.2020;Typ A;2.323,95;aktiv
AV-02827;A-01075;25.04.2022;Typ A;1.191,90;aktiv
AV-02828;A-01711;28.08.2019;Typ B;3.755,25;aktiv
AV-02829;A-01440;04.08.2016;Typ A;1.606,36;gekuendigt
AV-02830;A-00281;07.08.2024;Typ A;4.259,92;aktiv
AV-02831;A-01033;08.06.2015;Typ B;2.741,43;aktiv
AV-02832;A-00913;07.09.2016;Typ A;4.388,16;aktiv
AV-02833;A-00476;27.04.2018;typ b;4.604,45;gekuendigt
AV-02834;A-00861;17.01.2021;Typ B;2.744,50;aktiv
AV-02835;A-01638;12.02.2023;Typ B;2.477,61;aktiv
AV-02836;A-01924;27.05.2015;Typ B;1.042,18;aktiv
AV-02837;A-00423;04.03.2020;Typ A;1.632,79;aktiv
AV-02838;A-00874;11.04.2025;Typ B;2.490,76;gekuendigt
AV-02839;A-02053;04.01.2023;Typ B;4.337,86;aktiv
AV-02840;A-02006;07.08.2025;Typ A;4.366,38;aktiv
AV-02841;A-01557;15.08.2026;Typ B;4.677,55;aktiv
AV-02842;A-01101;03.10.2021;Typ C;1.238,75;gekuendigt
AV-02843;A-02310;20.10.2017;Typ B;4.460,00;aktiv
AV-02844;A-00583;11.05.2021;Typ A;2.999,58;aktiv
AV-02845;A-01713;02.12.2015;Typ A;2.731,49;aktiv
AV-02846;A-00389;19.04.2022;Typ A;4.543,72;gekuendigt
AV-02847;A-01821;11.12.2025;Typ A;3.565,72;aktiv
AV-02848;A-00214;17.11.2021;Typ A;1.544,33;aktiv
AV-02849;A-01848;24.05.2021;Typ C;3.915,92;aktiv
AV-02850;A-00607;24.10.2025;Typ B;1.947,95;aktiv
AV-02851;A-01552;11.08.2020;Typ B;2.919,42;aktiv
AV-02852;A-00369;24.09.2017;Typ A;3.022,83;aktiv
AV-02853;A-02081;24.08.2016;Typ B;3.695,97;aktiv
AV-02854;A-00719;27.11.2025;Typ A;817,65;aktiv
AV-02855;A-00858;20.11.2018;Typ C;2.341,49;aktiv
AV-02856;A-02010;25.06.2015;Typ B;1.601,36;gekuendigt
AV-02857;A-00762;26.02.2020;Typ A;4.640,93;
AV-02858;A-01177;13.09.2017;Typ C;658,33;aktiv
AV-02859;A-00829;01.11.2018;Typ A;2.588,47;aktiv
AV-02860;A-01850;25.02.2023;typ a;1.341,94;gekuendigt
AV-02861;A-00529;03.09.2022;Typ A;4.594,71;aktiv
AV-02862;A-01366;26.12.2015;Typ B;4.597,06;gekuendigt
AV-02863;A-01875;21.10.2026;Typ C;4.191,96;aktiv
AV-02864;A-01372;12.01.2024;typ a;2.867,33;aktiv
AV-02865;A-01557;07.10.2021;Typ A;3.978,20;aktiv
AV-02866;A-02480;24.06.2025;Typ B;3.791,66;aktiv
AV-02867;A-01737;01.12.2022;typ b;3.394,34;aktiv
AV-02868;A-01670;01.07.2025;Typ B;739,46;aktiv
AV-02869;A-00941;01.02.2024;Typ A;4.309,60;aktiv
AV-02870;A-02265;10.08.2024;typ a;4.350,78;aktiv
AV-02871;A-01316;14.12.2018;Typ A;436,49;aktiv
AV-02872;A-00638;28.02.2023;Typ B;746,63;aktiv
AV-02873;A-00150;10.03.2015;Typ A;2.386,04;aktiv
AV-02874;A-00501;26.12.2020;Typ B;2.556,52;aktiv
AV-02875;A-01741;15.03.2021;typ a;3.497,50;aktiv
AV-02876;A-00678;19.07.2024;Typ A;1.863,16;aktiv
AV-02877;A-01162;01.12.2015;Typ B;2.791,08;gekuendigt
AV-02878;A-02362;12.02.2021;Typ B;1.565,71;aktiv
AV-02879;A-00166;11.11.2016;Typ C;4.129,00;aktiv
AV-02880;A-01650;06.10.2022;typ a;3.980,79;aktiv
AV-02881;A-01657;08.05.2021;Typ A;3.442,39;aktiv
AV-02882;A-02282;08.09.2017;Typ B;1.031,30;aktiv
AV-02883;A-00900;20.09.2017;Typ A;3.863,69;aktiv
AV-02884;A-00269;08.06.2015;Typ A;2.678,01;aktiv
AV-02885;A-00731;03.05.2019;Typ C;3.462,34;aktiv
AV-02886;A-02208;23.10.2016;Typ B;4.751,63;aktiv
AV-02887;A-00966;18.06.2018;Typ C;3.228,85;aktiv
AV-02888;A-02449;12.01.2019;Typ C;331,75;aktiv
AV-02889;A-01271;05.01.2023;Typ B;1.187,87;aktiv
AV-02890;A-01774;07.07.2022;Typ A;4.678,09;aktiv
AV-02891;A-02259;21.05.2016;Typ A;1.462,35;aktiv
AV-02892;A-01211;19.04.2024;Typ A;1.175,36;aktiv
AV-02893;A-01492;26.10.2021;Typ A;2.552,19;aktiv
AV-02894;A-00220;21.10.2025;Typ C;4.611,35;aktiv
AV-02895;A-00497;18.09.2017;typ b;1.499,37;aktiv
AV-02896;A-02416;28.05.2022;Typ A;4.810,44;aktiv
AV-02897;A-01401;27.04.2026;Typ C;1.743,96;aktiv
AV-02898;A-01781;28.03.2022;Typ B;2.349,54;gekuendigt
AV-02899;A-00099;14.11.2015;Typ C;4.805,30;gekuendigt
AV-02900;A-02305;27.07.2016;Typ C;1.464,30;aktiv
AV-02901;A-00762;10.04.2015;Typ C;3.014,64;aktiv
AV-02902;A-01224;16.09.2016;typ a;2.428,98;aktiv
AV-02903;A-01860;08.09.2020;Typ B;1.190,08;aktiv
AV-02904;A-00045;01.08.2022;Typ C;607,32;aktiv
AV-02905;A-01710;20.01.2024;Typ C;4.719,09;aktiv
AV-02906;A-00888;28.11.2023;Typ A;262,48;aktiv
AV-02907;A-00755;12.03.2021;Typ A;959,26;aktiv
AV-02908;A-02489;21.02.2019;Typ C;4.332,43;aktiv
AV-02909;A-02446;02.10.2016;Typ B;1.877,08;aktiv
AV-02910;A-00689;25.05.2015;Typ A;245,45;aktiv
AV-02911;A-00155;19.12.2022;Typ C;1.469,74;aktiv
AV-02912;A-00644;12.05.2017;Typ C;1.314,96;aktiv
AV-02913;A-00967;20.01.2016;typ b;3.138,21;aktiv
AV-02914;A-02499;05.03.2025;Typ B;2.788,33;aktiv
AV-02915;A-02475;24.12.2024;Typ B;882,46;aktiv
AV-02916;A-02360;14.10.2019;Typ A;1.010,66;aktiv
AV-02917;A-02372;26.05.2022;Typ A;1.554,62;aktiv
AV-02918;A-00563;22.11.2026;Typ A;2.183,20;aktiv
AV-02919;A-00854;02.01.2024;Typ A;2.005,47;aktiv
AV-02920;A-00982;07.07.2026;Typ A;208,20;aktiv
AV-02921;A-00343;21.12.2022;Typ A;4.681,11;aktiv
AV-02922;A-01824;20.01.2015;Typ A;3.993,25;aktiv
AV-02923;A-01301;05.12.2021;Typ A;1.897,90;aktiv
AV-02924;A-01694;01.10.2023;Typ A;2.404,50;aktiv
AV-02925;A-02181;04.01.2015;Typ B;812,32;gekuendigt
AV-02926;A-01716;01.01.2024;Typ B;1.198,51;aktiv
AV-02927;A-01043;21.01.2018;Typ B;927,20;aktiv
AV-02928;A-01432;19.07.2023;Typ A;2.620,18;gekuendigt
AV-02929;A-01066;16.07.2025;Typ A;731,76;gekuendigt
AV-02930;A-00780;28.06.2019;typ c;3.901,35;aktiv
AV-02931;A-01513;04.08.2016;Typ B;2.803,71;gekuendigt
AV-02932;A-01122;27.08.2016;Typ A;1.395,65;aktiv
AV-02933;A-00329;27.03.2015;typ a;1.612,44;gekuendigt
AV-02934;A-01631;12.03.2017;Typ A;3.292,54;aktiv
AV-02935;A-01452;07.03.2020;Typ C;1.458,91;aktiv
AV-02936;A-01710;24.11.2026;Typ A;1.467,25;aktiv
AV-02937;A-00505;06.08.2022;Typ A;259,63;aktiv
AV-02938;A-00345;21.11.2021;Typ A;607,71;gekuendigt
AV-02939;A-01721;03.07.2022;Typ B;3.072,99;
AV-02940;A-02246;22.01.2023;Typ A;4.747,89;gekuendigt
AV-02941;A-02273;18.10.2020;Typ A;2.003,98;aktiv
AV-02942;A-01075;22.10.2016;Typ A;4.782,15;aktiv
AV-02943;A-02272;26.03.2016;Typ A;4.422,08;gekuendigt
AV-02944;A-01925;24.05.2026;Typ B;2.748,92;aktiv
AV-02945;A-01640;14.09.2022;Typ B;4.555,26;aktiv
AV-02946;A-01412;07.03.2021;Typ B;4.995,77;gekuendigt
AV-02947;A-00395;09.09.2023;Typ A;1.405,27;aktiv
AV-02948;A-00169;27.08.2018;Typ B;4.885,64;gekuendigt
AV-02949;A-01332;02.10.2016;Typ B;3.155,60;aktiv
AV-02950;A-01798;10.07.2016;Typ A;2.107,77;aktiv
AV-02951;A-00460;13.04.2023;typ b;3.692,26;aktiv
AV-02952;A-02098;08.06.2018;Typ A;1.454,73;aktiv
AV-02953;A-00363;17.01.2022;Typ A;1.236,41;gekuendigt
AV-02954;A-00073;09.06.2021;Typ A;867,97;
AV-02955;A-00796;06.02.2017;Typ A;3.675,24;aktiv
AV-02956;A-02432;28.03.2026;Typ A;4.527,91;aktiv
AV-02957;A-02402;01.04.2018;Typ A;238,14;aktiv
AV-02958;A-00758;24.05.2018;Typ B;2.106,03;aktiv
AV-02959;A-01864;01.10.2016;Typ A;2.677,30;aktiv
AV-02960;A-02054;04.02.2024;Typ A;2.120,04;aktiv
AV-02961;A-01592;13.02.2024;Typ B;3.745,71;aktiv
AV-02962;A-01845;22.03.2018;Typ B;4.679,02;aktiv
AV-02963;A-00379;18.11.2024;Typ C;2.949,27;aktiv
AV-02964;A-00469;02.10.2026;Typ A;2.777,62;aktiv
AV-02965;A-00328;27.09.2019;Typ C;4.722,59;gekuendigt
AV-02966;A-00065;16.07.2023;Typ C;2.034,26;aktiv
AV-02967;A-02464;27.10.2015;Typ C;3.009,01;aktiv
AV-02968;A-01542;14.04.2018;Typ A;619,39;gekuendigt
AV-02969;A-01514;04.02.2022;Typ B;563,04;aktiv
AV-02970;A-01530;21.09.2024;Typ A;1.406,82;aktiv
AV-02971;A-01490;05.05.2024;Typ C;1.067,20;aktiv
AV-02972;A-00577;03.01.2025;Typ A;1.721,12;aktiv
AV-02973;A-00065;01.07.2021;typ a;1.969,05;aktiv
AV-02974;A-00198;10.05.2024;Typ B;3.564,66;gekuendigt
AV-02975;A-01949;05.08.2021;Typ B;613,13;aktiv
AV-02976;A-00335;24.11.2019;Typ A;825,50;aktiv
AV-02977;A-02115;17.12.2016;Typ A;818,20;aktiv
AV-02978;A-01171;25.10.2022;Typ A;155,47;gekuendigt
AV-02979;A-01623;02.03.2021;Typ B;2.578,87;aktiv
AV-02980;A-00459;11.12.2019;typ c;2.417,71;aktiv
AV-02981;A-00968;07.11.2020;Typ A;924,88;gekuendigt
AV-02982;A-01184;01.08.2020;Typ A;572,87;aktiv
AV-02983;A-00409;18.03.2023;typ b;669,84;
AV-02984;A-00565;21.02.2021;Typ A;3.213,00;aktiv
AV-02985;A-01021;10.01.2024;Typ B;4.477,43;aktiv
AV-02986;A-02422;15.01.2015;Typ B;1.212,46;aktiv
AV-02987;A-02313;02.01.2021;Typ A;2.873,55;aktiv
AV-02988;A-02375;01.02.2022;Typ A;4.413,05;gekuendigt
AV-02989;A-00556;19.03.2018;Typ B;4.637,37;aktiv
AV-02990;A-01678;05.02.2020;Typ A;4.536,58;gekuendigt
AV-02991;A-00507;01.06.2026;Typ B;2.232,51;aktiv
AV-02992;A-00511;25.12.2018;Typ A;2.001,90;aktiv
AV-02993;A-00442;06.11.2019;Typ C;4.895,58;aktiv
AV-02994;A-02386;10.11.2018;Typ A;4.837,01;aktiv
AV-02995;A-01098;08.06.2016;Typ A;2.571,22;aktiv
AV-02996;A-01542;24.04.2025;Typ A;4.249,92;aktiv
AV-02997;A-01719;14.09.2020;typ a;4.995,99;aktiv
AV-02998;A-02166;25.06.2017;Typ A;3.445,04;gekuendigt
AV-02999;A-02218;13.03.2025;Typ B;168,40;aktiv
